Workbook
Name 신규상품: 피벗!$BJ$5:$CI$100

Sheet 원시
K3: 6 | L3: 9 | M3: 18 | N3: 19 | O3: 24 | P3: 25 | Q3: 40 | R3: 41 | S3: 42 | T3: 43 | U3: 56 | V3: 57 | W3: 58 | X3: 59 | Y3: 61 | Z3: 62 | AA3: 63 | AB3: 66 | AC3: 82 | AD3: 84
A4: 법인단 | B4: 영업부 | C4: 팀 | D4: 영업사원 | E4: 관리고객ID | F4: 관리고객명 | G4: 고객분류 | H4: 계층유형 | I4: 법인등록번호 | J4: 사업자번호 | K4: 계층유형 | L4: 사업상태 | M4: Biz 업종1 | N4: Biz 업종2 | O4: 114업종 | P4: 회선수 | Q4: 기업규모 | R4: 기업형태 | S4: 설립형태 | T4: 기업상태 | U4: 지번주소 | V4: 지번상세주소 | W4: 전화번호 | X4: 제품명 | Y4: 도로명주소 | Z4: 도로명상세주소 | AA4: 근로자수총합 | AB4: 신용등급 | AC4: 신업종명 | AD4: 재무업종명
A5: 경북법인고객담당 | B5: 법인고객영업2부 | C5: 법인고객영업2팀 | D5: 정연오 | E5: L0000020275 | F5: 흥해농업협동조합 | G5: 법인가치고객 | H5: 본사 | AF5: =COUNTIFS($E:$E,E5) -> 1
A6: 경북법인고객담당 | B6: 법인고객영업1부 | C6: 법인고객영업1팀 | D6: 권항구 | E6: L0001763305 | F6: 현서면사무소 | G6: 법인가치고객 | H6: 본사 | J6: 5088301826 | K6: 본사 | L6: 정상 | M6: 지자체/공공 | N6: 공공 | O6: Public>공공>정부/관청>면사무소 | P6: 19 | AA6: 0 | AF6: =COUNTIFS($E:$E,E6) -> 1
A7: 경북법인고객담당 | B7: 법인고객영업1부 | C7: 법인고객영업1팀 | D7: 권항구 | E7: L0000223181 | F7: 현서농업협동조합 | G7: 법인가치고객 | H7: 본사 | I7: 1744360000123 | J7: 5088200586 | K7: 본사 | L7: 정상 | M7: 금융 | N7: 공통 | O7: Retail/Service>도소매>자동차관련 판매>주유소 | P7: 22 | Q7: 판단제외대상 | R7: 조합 | S7: 신규설립(개업) | T7: 정상 | U7: 경북 청송군 현서면 | V7: 구산리 100-6번지 | Y7: 경북 청송군 현서면 구산북로 | Z7: 63 (구산리,농협하나로마트) | AA7: 26 | AC7: 산업 단체 | AF7: =COUNTIFS($E:$E,E7) -> 1
A8: 경북법인고객담당 | B8: 법인고객영업2부 | C8: 법인고객영업2팀 | D8: 오다영 | E8: 0D99FI5JM5G | F8: 현대피엔에스(주) | G8: 법인가치고객 | H8: 본사 | K8: 본사 | L8: 정상 | M8: 제조업 | N8: 기업 | P8: 1 | Q8: 중견기업 | R8: 주식회사 | S8: 신규설립(개업) | T8: 정상 | U8: 서울 강남구 삼성1동 | V8: 157-37번지 위워크빌딩 16층 | Y8: 서울 강남구 테헤란로 | Z8: 507, 16층 (삼성동,위워크빌딩) | AA8: 45 | AB8: A- | AC8: 그외 기타 일반목적용 기계 제조업 | AD8: 제조업 | AF8: =COUNTIFS($E:$E,E8) -> 1
A9: 경북법인고객담당 | B9: 법인고객영업3부 | C9: 법인고객영업1팀 | D9: 황현철 | E9: L0000025091 | F9: 해평단위농업협동조합 | G9: 핵심고객 | H9: 본사 | I9: 1753360000116 | J9: 5138206374 | K9: 본사 | L9: 정상 | M9: 금융 | N9: 공통 | O9: Finance>금융>은행>농협 | P9: 1 | Q9: 판단제외대상 | R9: 조합 | S9: 신규설립(개업) | T9: 정상 | U9: 경북 구미시 해평면 | V9: 낙성리 58-3번지 | W9: 054 474 4205 | X9: 농협, 금융, 도매 | Y9: 경북 구미시 해평면 해평시장1길 | Z9: 6 (낙성리) | AA9: 45 | AB9: BBB- | AC9: 신용조합 | AD9: 제조업 | AF9: =COUNTIFS($E:$E,E9) -> 1
A10: 경북법인고객담당 | B10: 법인고객영업3부 | C10: 법인고객영업2팀 | D10: 박종섭 | E10: L0000010808 | F10: 한보전설주식회사 | G10: 핵심고객 | H10: 본사 | I10: 1760110027761 | J10: 5138124583 | K10: 사업장 | L10: 정상 | M10: 건설업 | N10: 건설/호텔 | O10: Manufacture>중공업>건설>건물건설-종합 | P10: 22 | Q10: 중기업 | R10: 주식회사 | S10: 신규설립(개업) | T10: 정상 | U10: 경북 구미시 임은동 | V10: 666-2번지 | W10: 051 461 0799 | X10: 전기공사, 소방공사, 정보통신공사 | Y10: 경북 구미시 임은길 | Z10: 55-15 (임은동) | AA10: 24 | AB10: BBB- | AC10: 일반전기 공사업 | AD10: 제조업 | AF10: =COUNTIFS($E:$E,E10) -> 1
A11: 경북법인고객담당 | B11: 법인고객영업2부 | C11: 법인고객영업2팀 | D11: 이대석 | E11: 1-I53FFA | F11: 한맥건설(주) | G11: 법인가치고객 | H11: 본사 | I11: 1711110005240 | J11: 5088106230 | K11: 본사 | L11: 정상 | M11: 건설업 | N11: 건설/호텔 | O11: Manufacture>중공업>건설>건설업-종합 | P11: 5 | Q11: 소상공인 | R11: 주식회사 | S11: 신규설립(개업) | T11: 정상 | U11: 경북 안동시 옥동 | V11: 987-10번지 메트로오피스텔 803호 | W11: 054 852 7101 | X11: 철근콘크리트, 토공사 | Y11: 경북 안동시 복주5길 | Z11: 41, 803호 (옥동,메트로오피스텔) | AA11: 4 | AB11: BBB- | AC11: 철근 및 철근콘크리트 공사업 | AD11: 제조업 | AF11: =COUNTIFS($E:$E,E11) -> 2
A12: 경북법인고객담당 | B12: 법인고객영업2부 | C12: 법인고객영업2팀 | D12: 조영욱 | E12: 1-I53FFA | F12: 한맥건설(주) | G12: 법인가치고객 | H12: 본사 | I12: 1711110005240 | J12: 5088106230 | K12: 본사 | L12: 정상 | M12: 건설업 | N12: 건설/호텔 | O12: Manufacture>중공업>건설>건설업-종합 | P12: 5 | Q12: 소상공인 | R12: 주식회사 | S12: 신규설립(개업) | T12: 정상 | U12: 경북 안동시 옥동 | V12: 987-10번지 메트로오피스텔 803호 | W12: 054 852 7101 | X12: 철근콘크리트, 토공사 | Y12: 경북 안동시 복주5길 | Z12: 41, 803호 (옥동,메트로오피스텔) | AA12: 4 | AB12: BBB- | AC12: 철근 및 철근콘크리트 공사업 | AD12: 제조업 | AF12: =COUNTIFS($E:$E,E12) -> 2
A13: 경북법인고객담당 | B13: 법인고객영업3부 | C13: 법인고객영업1팀 | D13: 고한용 | E13: A0001350851 | F13: 한두레축산영농조합법인 | G13: 법인가치고객 | H13: 본사 | I13: 1754710002447 | J13: 5118112058 | K13: 본사 | L13: 정상 | M13: 판매업 | N13: 공통 | O13: Retail/Service>도소매>생활재 판매>사료도매 | P13: 10 | Q13: 소기업 | R13: 기타법인 | S13: 신규설립(개업) | T13: 정상 | U13: 경북 문경시 산양면 | V13: 진정리 630-3번지 | W13: 054 554 1050 | X13: TMF 사료 외 | Y13: 경북 문경시 산양면 산양공단1길 | Z13: 28 (진정리) | AA13: 11 | AB13: BB- | AD13: 제조업 | AF13: =COUNTIFS($E:$E,E13) -> 1
A14: 경북법인고객담당 | B14: 법인고객영업2부 | C14: 법인고객영업2팀 | D14: 이대석 | E14: L0000014358 | F14: 한동재생공사 | G14: 법인가치고객 | H14: 본사 | AF14: =COUNTIFS($E:$E,E14) -> 2
A15: 경북법인고객담당 | B15: 법인고객영업2부 | C15: 법인고객영업2팀 | D15: 오다영 | E15: 0AAGEWRIC7Z | F15: 한국퓨얼셀주식회사 | G15: 법인가치고객 | H15: 본사 | K15: 본사 | L15: 청산/해산 | M15: 에너지 | N15: 에너지/환경 | O15: Retail/Service>서비스업>사업서비스업>엔지니어링서비스-전기전자공학 | P15: 1 | Q15: 대기업 | R15: 주식회사 | S15: 신규설립(개업) | T15: 청산/해산 | U15: 경북 포항시 북구 흥해읍 | V15: 죽천리 698-1번지 | W15: 054 250 1300 | X15: 경기도 화성, 서울 등 전국4개 사이트에 총 58.75MW의 전력공급이 가능한 연료전지를 설치.운영 | Y15: 경북 포항시 북구 흥해읍 영일만산단로88번길 | Z15: 153 (죽천리) | AA15: 58 | AB15: BBB- | AC15: 기타 발전기 및 전기변환장치 제조업 | AD15: 제조업 | AF15: =COUNTIFS($E:$E,E15) -> 1
A16: 경북법인고객담당 | B16: 법인고객영업2부 | C16: 법인고객영업1팀 | D16: 정윤성 | E16: 1-1EYWFXK | F16: 한국수력원자력 포항에너지파크 | G16: 법인가치고객 | H16: 사업장 | I16: 1101112207127 | J16: 2468502431 | K16: 사업장 | L16: 정상 | M16: 에너지 | N16: 에너지/환경 | O16: Public>공공>수도/가스/전기 | P16: 8 | Q16: 판단제외대상 | R16: 주식회사 | S16: 분할신설 | T16: 정상 | U16: 경북 경주시 문무대왕면 | V16: 장항리 1270번지 | W16: 054 704 2114 | X16: 원자력, 수력 발전 | Y16: 경북 경주시 문무대왕면 불국로 | Z16: 1655 (장항리) | AA16: 12806 | AB16: NR | AC16: 원자력 발전업 | AD16: 제조업 | AF16: =COUNTIFS($E:$E,E16) -> 1
A17: 경북법인고객담당 | B17: 법인고객영업2부 | C17: 법인고객영업1팀 | D17: 황성욱 | E17: 0CRMHVAHRCK | F17: 플라스틱옴니엄코리아뉴에너지 주식회사 | G17: 법인가치고객 | H17: 본사 | I17: 1358110399246 | J17: 5188801755 | K17: 본사 | L17: 정상 | O17: Retail/Service>서비스업>사업서비스업>연구소-공학 | P17: 11 | Q17: 소기업 | R17: 주식회사 | S17: 신규설립(개업) | T17: 정상 | U17: 경기 수원시 영통구 이의동 | V17: 906-5번지 경기알앤디비센터 312호, 313호 | W17: 031 888 5221 | X17: 자동차용 기구, 설비, 기계장치 | Y17: 경기 수원시 영통구 광교로 | Z17: 105, 312호, 313호 (이의동,경기알앤디비센터) | AA17: 33 | AB17: BB- | AC17: 그외 기타 자동차 부품 제조업 | AD17: 제조업 | AF17: =COUNTIFS($E:$E,E17) -> 1
A18: 경북법인고객담당 | B18: 법인고객영업1부 | C18: 법인고객영업2팀 | D18: 서유정 | E18: L0000009723 | F18: 풍기특산물영농조합법인 | G18: 법인가치고객 | H18: 본사 | I18: 1756710000083 | J18: 5128104610 | AF18: =COUNTIFS($E:$E,E18) -> 1
A19: 경북법인고객담당 | B19: 법인고객영업1부 | C19: 법인고객영업2팀 | D19: 서유정 | E19: A0001597936 | F19: 풍기인삼협동조합 서울사무소 | G19: 법인가치고객 | H19: 본사 | I19: 1756710001536 | J19: 5128200019 | AF19: =COUNTIFS($E:$E,E19) -> 1
A20: 경북법인고객담당 | B20: 법인고객영업2부 | C20: 법인고객영업2팀 | D20: 이대석 | E20: L0000047770 | F20: 포항축협흥해지소 | G20: 법인가치고객 | H20: 본사 | AF20: =COUNTIFS($E:$E,E20) -> 1
A21: 경북법인고객담당 | B21: 법인고객영업2부 | C21: 법인고객영업2팀 | D21: 이대석 | E21: A0001244134 | F21: 포항중앙교회 | G21: 법인가치고객 | H21: 본사 | AF21: =COUNTIFS($E:$E,E21) -> 1
A22: 경북법인고객담당 | B22: 법인고객영업2부 | C22: 법인고객영업2팀 | D22: 정연오 | E22: A0002770258 | F22: 포항스틸러스 | G22: 법인가치고객 | H22: 본사 | I22: 1746110022050 | J22: 5068119006 | K22: 본사 | L22: 정상 | M22: 서비스 | N22: 공통 | O22: Retail/Service>서비스업>오락/문화 서비스업>프로축구 | P22: 52 | Q22: 중기업 | R22: 주식회사 | S22: 신규설립(개업) | T22: 정상 | U22: 경북 포항시 북구 죽도동 | V22: 614-8번지 동양빌딩 7층 | W22: 054 282 2002 | X22: 프로축구 흥행사업 | Y22: 경북 포항시 북구 중흥로 | Z22: 231, 7층 (죽도동,동양빌딩) | AA22: 17 | AB22: BBB+ | AC22: 그외 기타 스포츠 서비스업 | AD22: 제조업 | AF22: =COUNTIFS($E:$E,E22) -> 1
A23: 경북법인고객담당 | B23: 법인고객영업2부 | C23: 법인고객영업2팀 | D23: 오다영 | E23: 1-NDI8TI | F23: 포스코인재창조원 | G23: 법인가치고객 | K23: 본사 | L23: 정상 | M23: 교육 | N23: 공공 | O23: 교육상담 | P23: 41 | Q23: 대기업 | R23: 주식회사 | S23: 신규설립(개업) | T23: 정상 | U23: 인천 연수구 송도동 | V23: 180-1번지 | W23: 054 240 5685 | X23: 교육서비스 및 직업능력개발훈련사업 | Y23: 인천 연수구 송도과학로 | Z23: 100 (송도동) | AA23: 157 | AB23: A- | AD23: 제조업 | AF23: =COUNTIFS($E:$E,E23) -> 1
A24: 경북법인고객담당 | B24: 법인고객영업2부 | C24: 법인고객영업2팀 | D24: 정연오 | E24: A0001392114 | F24: 티엠테크(주) | G24: 법인가치고객 | H24: 본사 | I24: 1717110080265 | J24: 5068165801 | K24: 본사 | L24: 정상 | M24: 제조업 | N24: 기업 | O24: Manufacture>정유/화학>일반화학>유기질비료제조업 | P24: 1 | Q24: 중기업 | R24: 주식회사 | S24: 신규설립(개업) | T24: 정상 | U24: 경북 포항시 남구 호동 | V24: 611번지 | W24: 054 284 0244 | X24: 일반철물 | Y24: 경북 포항시 남구 서원재로 | Z24: 7 (호동,(주)포스렉) | AA24: 80 | AB24: BBB | AC24: 그외 기타 달리 분류되지 않은 제품 제조업 | AD24: 제조업 | AF24: =COUNTIFS($E:$E,E24) -> 2
A25: 경북법인고객담당 | B25: 법인고객영업2부 | C25: 법인고객영업2팀 | D25: 조영욱 | E25: A0001392114 | F25: 티엠테크(주) | G25: 법인가치고객 | H25: 본사 | I25: 1717110080265 | J25: 5068165801 | K25: 본사 | L25: 정상 | M25: 제조업 | N25: 기업 | O25: Manufacture>정유/화학>일반화학>유기질비료제조업 | P25: 1 | Q25: 중기업 | R25: 주식회사 | S25: 신규설립(개업) | T25: 정상 | U25: 경북 포항시 남구 호동 | V25: 611번지 | W25: 054 284 0244 | X25: 일반철물 | Y25: 경북 포항시 남구 서원재로 | Z25: 7 (호동,(주)포스렉) | AA25: 80 | AB25: BBB | AC25: 그외 기타 달리 분류되지 않은 제품 제조업 | AD25: 제조업 | AF25: =COUNTIFS($E:$E,E25) -> 2
A26: 경북법인고객담당 | B26: 법인고객영업2부 | C26: 법인고객영업1팀 | D26: 정윤성 | E26: L0000035902 | F26: 티에스오토모티브 | G26: 법인가치고객 | H26: 본사 | I26: 1801110058908 | J26: 6108122718 | AF26: =COUNTIFS($E:$E,E26) -> 1
A27: 경북법인고객담당 | B27: 법인고객영업3부 | C27: 법인고객영업2팀 | D27: 권도경 | E27: L0000019264 | F27: 태평양금속(주) | G27: 법인가치고객 | H27: 본사 | I27: 1101110208052 | J27: 5138500333 | AF27: =COUNTIFS($E:$E,E27) -> 1
A28: 경북법인고객담당 | B28: 법인고객영업3부 | C28: 법인고객영업1팀 | D28: 박하림 | E28: A0001281302 | F28: 탑앤양지 | G28: 법인가치고객 | H28: 본사 | I28: 1760110037504 | J28: 5138133516 | K28: 본사 | L28: 정상 | M28: 판매업 | N28: 공통 | O28: Retail/Service>도소매>무역, 중개업>무역업-종합 | P28: 19 | Q28: 한시성중소기업 | R28: 주식회사 | S28: 신규설립(개업) | T28: 정상 | U28: 경북 구미시 황상동 | V28: 500번지 | W28: 054 472 4997 | X28: 차량용 전장부문 | Y28: 경북 구미시 옥계2공단로 | Z28: 46-14 (황상동) | AA28: 214 | AB28: A- | AD28: 제조업 | AF28: =COUNTIFS($E:$E,E28) -> 1
A29: 경북법인고객담당 | B29: 법인고객영업3부 | C29: 법인고객영업2팀 | D29: 신동희 | E29: A0001556033 | F29: 타타대우상용차대구경북판매(주) | G29: 법인가치고객 | H29: 본사 | I29: 1752110031743 | J29: 5138158856 | K29: 본사 | L29: 정상 | M29: 판매업 | N29: 공통 | O29: Retail/Service>도소매>자동차관련 판매>자동차판매-종합 | P29: 39 | Q29: 소기업 | R29: 주식회사 | S29: 신규설립(개업) | T29: 정상 | U29: 경북 칠곡군 왜관읍 | V29: 삼청리 989-1번지 | X29: 자동차, 건설기계 | Y29: 경북 칠곡군 왜관읍 칠곡대로 | Z29: 1921 (삼청리) | AA29: 0 | AB29: BB+ | AC29: 자동차 신품 판매업 | AD29: 제조업 | AF29: =COUNTIFS($E:$E,E29) -> 1
A30: 경북법인고객담당 | B30: 법인고객영업3부 | C30: 법인고객영업2팀 | D30: 권도경 | E30: L0000041760 | F30: 콜렉터신영(주) | G30: 법인가치고객 | H30: 본사 | I30: 1753110000374 | J30: 5138100621 | K30: 본사 | L30: 정상 | M30: 제조업 | N30: 기업 | O30: Manufacture>전자>전기전자장비>전자부품제조 | P30: 17 | Q30: 중기업 | R30: 주식회사 | S30: 신규설립(개업) | T30: 정상 | U30: 경북 구미시 산동읍 | V30: 봉산리 390번지 | W30: 054 470 0600 | X30: 자동차모터 부품인 정류자 외 | Y30: 경북 구미시 산동읍 산호대로45길 | Z30: 24 (봉산리) | AA30: 86 | AB30: BBB+ | AC30: 자동차용 전기장치 제조업 | AD30: 제조업 | AF30: =COUNTIFS($E:$E,E30) -> 1
A31: 경북법인고객담당 | B31: 법인고객영업3부 | C31: 법인고객영업1팀 | D31: 박하림 | E31: A0001215217 | F31: 케이비아이건설(주) | G31: 법인가치고객 | H31: 본사 | I31: 1748110020969 | J31: 5158116513 | K31: 본사 | L31: 정상 | M31: 건설업 | N31: 건설/호텔 | O31: Manufacture>중공업>건설>건설업-종합 | P31: 53 | Q31: 중기업 | R31: 주식회사 | S31: 신규설립(개업) | T31: 정상 | U31: 경북 구미시 임수동 | V31: 92-77번지 | W31: 054 473 1116 | X31: 토목건축공사업(광공업용 건축공사, 항만, 도로공사 외 ) | Y31: 경북 구미시 3공단1로 | Z31: 284 (임수동) | AA31: 78 | AB31: B+ | AC31: 기타 토목시설물 건설업 | AD31: 제조업 | AF31: =COUNTIFS($E:$E,E31) -> 1
A32: 경북법인고객담당 | B32: 법인고객영업3부 | C32: 법인고객영업2팀 | D32: 박종섭 | E32: 0CWKFOZIZER | F32: 케이브이머티리얼즈 주식회사 | G32: 핵심고객 | H32: 본사 | I32: 1760110144169 | J32: 3958102021 | AF32: =COUNTIFS($E:$E,E32) -> 1
A33: 경북법인고객담당 | B33: 법인고객영업2부 | C33: 법인고객영업2팀 | D33: 이대석 | E33: A0001243626 | F33: 청수산업주식회사 | G33: 법인가치고객 | H33: 본사 | I33: 1717110057777 | J33: 5068150915 | K33: 본사 | L33: 정상 | M33: 환경 | N33: 에너지/환경 | O33: Public>보건/복지업>환경 정화>분뇨수거 | P33: 5 | Q33: 중기업 | R33: 주식회사 | S33: 신규설립(개업) | T33: 정상 | U33: 경북 포항시 북구 흥해읍 | V33: 대련리 55번지 | W33: 054 261 7423 | X33: 분뇨처리 및 정화조청소 | Y33: 경북 포항시 북구 흥해읍 새마을로 | Z33: 260 (대련리) | AA33: 38 | AB33: BB- | AC33: 분뇨 처리업 | AD33: 제조업 | AF33: =COUNTIFS($E:$E,E33) -> 2
A34: 경북법인고객담당 | B34: 법인고객영업2부 | C34: 법인고객영업2팀 | D34: 조영욱 | E34: A0001243626 | F34: 청수산업주식회사 | G34: 법인가치고객 | H34: 본사 | I34: 1717110057777 | J34: 5068150915 | K34: 본사 | L34: 정상 | M34: 환경 | N34: 에너지/환경 | O34: Public>보건/복지업>환경 정화>분뇨수거 | P34: 5 | Q34: 중기업 | R34: 주식회사 | S34: 신규설립(개업) | T34: 정상 | U34: 경북 포항시 북구 흥해읍 | V34: 대련리 55번지 | W34: 054 261 7423 | X34: 분뇨처리 및 정화조청소 | Y34: 경북 포항시 북구 흥해읍 새마을로 | Z34: 260 (대련리) | AA34: 38 | AB34: BB- | AC34: 분뇨 처리업 | AD34: 제조업 | AF34: =COUNTIFS($E:$E,E34) -> 2
A35: 경북법인고객담당 | B35: 법인고객영업1부 | C35: 법인고객영업2팀 | D35: 서유정 | E35: 1-I5XPUN | F35: 청량산비나리마을영농조합법인 | G35: 법인가치고객 | H35: 본사 | I35: 1757710002110 | J35: 5128119791 | K35: 본사 | L35: 정상 | M35: 1차산업 | N35: 공통 | O35: Retail/Service>숙박/음식점/부동산/임대업>음식점>음식점-기사식당 | P35: 2 | Q35: 소상공인 | R35: 기타법인 | S35: 신규설립(개업) | T35: 정상 | U35: 경북 봉화군 명호면 | V35: 풍호리 227-7번지 | Y35: 경북 봉화군 명호면 비나리길 | Z35: 141 (풍호리) | AA35: 0 | AC35: 기타 시설작물 재배업 | AD35: 제조업 | AF35: =COUNTIFS($E:$E,E35) -> 1
A36: 경북법인고객담당 | B36: 법인고객영업1부 | C36: 법인고객영업1팀 | D36: 권항구 | E36: L0001763296 | F36: 청기면사무소 | G36: 법인가치고객 | H36: 본사 | J36: 5088302451 | K36: 본사 | L36: 정상 | M36: 지자체/공공 | N36: 공공 | O36: Public>공공>정부/관청>면사무소 | P36: 8 | AA36: 0 | AF36: =COUNTIFS($E:$E,E36) -> 1
A37: 경북법인고객담당 | B37: 법인고객영업1부 | C37: 법인고객영업1팀 | D37: 권항구 | E37: L0001763295 | F37: 진보면사무소 | G37: 법인가치고객 | H37: 본사 | J37: 5088301845 | K37: 본사 | L37: 기타 | M37: 지자체/공공 | N37: 공공 | P37: 9 | AA37: 0 | AF37: =COUNTIFS($E:$E,E37) -> 1
A38: 경북법인고객담당 | B38: 법인고객영업3부 | C38: 법인고객영업1팀 | D38: 김승환 | E38: L0000017310 | F38: 직지농협협동조합 | G38: 핵심고객 | H38: 본사 | I38: 1713360000293 | J38: 5108204213 | K38: 본사 | L38: 정상 | M38: 금융 | N38: 공통 | O38: Finance>금융>금고/조합/리스>금융업-종합금융업 | P38: 13 | R38: 조합 | S38: 신규설립(개업) | T38: 정상 | U38: 경북 김천시 봉산면 | V38: 덕천리 646-3번지 | Y38: 경북 김천시 봉산면 황악로 | Z38: 1736 (덕천리) | AA38: 35 | AC38: 신용조합 | AF38: =COUNTIFS($E:$E,E38) -> 1
A39: 경북법인고객담당 | B39: 법인고객영업3부 | C39: 법인고객영업2팀 | D39: 신동희 | E39: L0000239715 | F39: 지천단위농업협동조합장 | G39: 법인가치고객 | H39: 본사 | I39: 1752360000077 | J39: 5048202748 | K39: 본사 | L39: 정상 | M39: 금융 | N39: 공통 | O39: Finance>금융>은행>농협 | P39: 15 | Q39: 판단제외대상 | R39: 조합 | S39: 신규설립(개업) | T39: 정상 | U39: 경북 칠곡군 지천면 | V39: 신리 408-1번지 | W39: 054 972 4812 | Y39: 경북 칠곡군 지천면 신동로 | Z39: 153 (신리,지천농협) | AA39: 19 | AB39: BBB+ | AC39: 신용조합 | AD39: 제조업 | AF39: =COUNTIFS($E:$E,E39) -> 1
A40: 경북법인고객담당 | B40: 법인고객영업3부 | C40: 법인고객영업1팀 | D40: 박하림 | E40: L0000002539 | F40: 지에이치신소재 | G40: 법인가치고객 | H40: 본사 | I40: 1955110052004 | J40: 6158122009 | K40: 본사 | L40: 정상 | M40: 제조업 | N40: 기업 | O40: Manufacture>정유/화학>석유화학>폴리에틸렌수지(제조) | P40: 5 | Q40: 중견기업 | R40: 주식회사 | S40: 법인전환 | T40: 정상 | U40: 경북 구미시 공단동 | V40: 313-6번지 | W40: 054 460 8100 | X40: 부직포(Floor carpet, ISOdash, Seat back, Trunk mat, Package tray, Engine block외)/ 원사(PP S/F)등 | Y40: 경북 구미시 1공단로4길 | Z40: 141-54 (공단동) | AA40: 132 | AB40: BBB+ | AC40: 부직포 및 펠트 제조업 | AD40: 제조업 | AF40: =COUNTIFS($E:$E,E40) -> 1
A41: 경북법인고객담당 | B41: 법인고객영업3부 | C41: 법인고객영업2팀 | D41: 권도경 | E41: A0002847773 | F41: ㈜씨에스텍 | G41: 법인가치고객 | H41: 본사 | I41: 1701110206939 | J41: 5028160518 | K41: 본사 | L41: 정상 | M41: 건설업 | N41: 건설/호텔 | O41: Manufacture>중공업>건설>건물건설-종합 | P41: 17 | Q41: 중기업 | R41: 주식회사 | S41: 신규설립(개업) | T41: 정상 | U41: 경북 경산시 압량읍 | V41: 신월리 2-18번지 | W41: 053 761 5083 | X41: 태양광발전장치 설치공사, 전기공사 외 | Y41: 경북 경산시 압량읍 해오름길 | Z41: 140-11 (신월리) | AA41: 43 | AB41: CCC+ | AC41: 일반전기 공사업 | AD41: 제조업 | AF41: =COUNTIFS($E:$E,E41) -> 1
A42: 경북법인고객담당 | B42: 법인고객영업1부 | C42: 법인고객영업2팀 | D42: 김병욱 | E42: 0AKVIIQJH5N | F42: 주식회사해피니스 | G42: 법인가치고객 | H42: 본사 | I42: 1756110028544 | J42: 8738803233 | K42: 본사 | L42: 정상 | O42: 건설업-컨테이너하우스 | P42: 2 | Q42: 소기업 | R42: 주식회사 | S42: 신규설립(개업) | T42: 정상 | U42: 경북 영주시 휴천동 | V42: 642-50번지 1층 | Y42: 경북 영주시 선비로 | Z42: 111, 1층 (휴천동) | AA42: 0 | AC42: 고용알선업 | AD42: 제조업 | AF42: =COUNTIFS($E:$E,E42) -> 1
A43: 경북법인고객담당 | B43: 법인고객영업1부 | C43: 법인고객영업2팀 | D43: 서유정 | E43: A0002715355 | F43: 주식회사푸른숲이엔지 | G43: 법인가치고객 | H43: 본사 | I43: 1757110006811 | J43: 5128118526 | K43: 본사 | L43: 정상 | M43: 전문업 | N43: 기타 | O43: Retail/Service>서비스업>사업서비스업>토목설계 | P43: 2 | Q43: 소기업 | R43: 주식회사 | S43: 신규설립(개업) | T43: 정상 | U43: 경북 봉화군 봉화읍 | V43: 내성리 394-18번지 | X43: 산림설계 | Y43: 경북 봉화군 봉화읍 신시장길 | Z43: 7 (내성리) | AA43: 0 | AB43: BBB- | AC43: 도시계획 및 조경설계 서비스업 | AD43: 제조업 | AF43: =COUNTIFS($E:$E,E43) -> 1
A44: 경북법인고객담당 | B44: 법인고객영업3부 | C44: 법인고객영업2팀 | D44: 박종섭 | E44: L0000037591 | F44: 주식회사제이테크놀러지 | G44: 핵심고객 | H44: 본사 | I44: 1101111264920 | J44: 1208161085 | AF44: =COUNTIFS($E:$E,E44) -> 1
A45: 경북법인고객담당 | B45: 법인고객영업3부 | C45: 법인고객영업2팀 | D45: 이미영 | E45: L0000030329 | F45: 주식회사에이에스티 | G45: 핵심고객 | H45: 본사 | I45: 1701110277055 | J45: 5038166155 | AF45: =COUNTIFS($E:$E,E45) -> 1
A46: 경북법인고객담당 | B46: 법인고객영업3부 | C46: 법인고객영업2팀 | D46: 박종섭 | E46: A0001216914 | F46: 주식회사신성산업 | G46: 핵심고객 | H46: 본사 | I46: 1760110041646 | J46: 5138137282 | K46: 사업장 | L46: 정상 | M46: 건설업 | N46: 건설/호텔 | O46: Retail/Service>숙박/음식점/부동산/임대업>임대업>건설/토목공사용기계장비임대-종합 | P46: 10 | Q46: 중기업 | R46: 주식회사 | S46: 신규설립(개업) | T46: 정상 | U46: 경북 구미시 산동읍 | V46: 봉산리 395번지 | W46: 054 471 0494 | X46: 크린룸 공사, 기계설비공자, 소방공사 등 | Y46: 경북 구미시 산동읍 첨단기업1로 | Z46: 82-18 (봉산리) | AA46: 127 | AB46: BB | AC46: 건물용 기계장비 설치 공사업 | AD46: 제조업 | AF46: =COUNTIFS($E:$E,E46) -> 1
A47: 경북법인고객담당 | B47: 법인고객영업1부 | C47: 법인고객영업2팀 | D47: 김병욱 | E47: 0DQPEWQHQB9 | F47: 주식회사스토리박스 | G47: 법인가치고객 | H47: 본사 | I47: 1757110011951 | J47: 2948801392 | K47: 본사 | L47: 정상 | M47: 전문업 | N47: 기타 | O47: Information>IT>인터넷사업>인터넷광고대행 | P47: 3 | Q47: 소기업 | R47: 주식회사 | S47: 신규설립(개업) | T47: 정상 | U47: 경북 영주시 가흥동 | V47: 1931-1번지 썬빌딩 2층 | X47: 광고홍보 대행 | Y47: 경북 영주시 대학로 | Z47: 170, 2층 (가흥동,썬빌딩) | AA47: 7 | AB47: BBB | AC47: 광고 대행업 | AD47: 제조업 | AF47: =COUNTIFS($E:$E,E47) -> 1
A48: 경북법인고객담당 | B48: 법인고객영업2부 | C48: 법인고객영업1팀 | D48: 황성욱 | E48: 0BK0ESBJ6V2 | F48: 주식회사세중이엔씨 | G48: 법인가치고객 | H48: 사업장 | I48: 1701110440644 | J48: 5028613062 | AF48: =COUNTIFS($E:$E,E48) -> 1
A49: 경북법인고객담당 | B49: 법인고객영업2부 | C49: 법인고객영업2팀 | D49: 오다영 | E49: A0002893730 | F49: 주식회사세일엔지니어링 | G49: 법인가치고객 | H49: 사업장 | K49: 사업장 | L49: 정상 | M49: 건설 | P49: 103 | Q49: 중기업 | R49: 주식회사 | S49: 신규설립(개업) | T49: 정상 | U49: 경북 포항시 북구 죽도동 | V49: 715-5번지 | W49: 054 277 9631 | X49: 기계설비 | Y49: 경북 포항시 북구 중흥로 | Z49: 103 (죽도동) | AA49: 228 | AB49: AA- | AC49: 기타 건물설비 설치 공사업 | AD49: 제조업 | AF49: =COUNTIFS($E:$E,E49) -> 1
A50: 경북법인고객담당 | B50: 법인고객영업2부 | C50: 법인고객영업2팀 | D50: 이대석 | E50: A0001357864 | F50: 주식회사성호건설 | G50: 법인가치고객 | H50: 본사 | I50: 1712110057389 | J50: 5058157856 | K50: 본사 | L50: 정상 | M50: 건설업 | N50: 건설/호텔 | O50: Manufacture>중공업>건설>건설업-종합 | P50: 16 | Q50: 중기업 | R50: 주식회사 | S50: 신규설립(개업) | T50: 정상 | U50: 경북 경주시 현곡면 | V50: 금장리 407번지 성호마루한뷰 206호 | W50: 054 745 1828 | X50: 토공사 | Y50: 경북 경주시 현곡면 용담로 | Z50: 174, 206호 (금장리,성호마루한뷰) | AA50: 22 | AB50: B- | AC50: 사무 및 상업용 건물 건설업 | AD50: 제조업 | AF50: =COUNTIFS($E:$E,E50) -> 2
A51: 경북법인고객담당 | B51: 법인고객영업2부 | C51: 법인고객영업2팀 | D51: 조영욱 | E51: A0001357864 | F51: 주식회사성호건설 | G51: 법인가치고객 | H51: 본사 | I51: 1712110057389 | J51: 5058157856 | K51: 본사 | L51: 정상 | M51: 건설업 | N51: 건설/호텔 | O51: Manufacture>중공업>건설>건설업-종합 | P51: 16 | Q51: 중기업 | R51: 주식회사 | S51: 신규설립(개업) | T51: 정상 | U51: 경북 경주시 현곡면 | V51: 금장리 407번지 성호마루한뷰 206호 | W51: 054 745 1828 | X51: 토공사 | Y51: 경북 경주시 현곡면 용담로 | Z51: 174, 206호 (금장리,성호마루한뷰) | AA51: 22 | AB51: B- | AC51: 사무 및 상업용 건물 건설업 | AD51: 제조업 | AF51: =COUNTIFS($E:$E,E51) -> 2
A52: 경북법인고객담당 | B52: 법인고객영업3부 | C52: 법인고객영업1팀 | D52: 고한용 | E52: A0001307435 | F52: 주식회사미도광고기획 | G52: 법인가치고객 | H52: 본사 | I52: 1754110004837 | J52: 5118110633 | K52: 본사 | L52: 정상 | M52: 건설업 | N52: 건설/호텔 | O52: Manufacture>소비재>출판/인쇄>광고기획 | P52: 6 | Q52: 소상공인 | R52: 주식회사 | S52: 신규설립(개업) | T52: 정상 | U52: 경북 문경시 모전동 | V52: 866-12번지 | W52: 054 552 3076 | X52: 철구조물제작,설치 | Y52: 경북 문경시 당교3길 | Z52: 38 (모전동) | AA52: 0 | AB52: B+ | AC52: 철골 공사업 | AD52: 제조업 | AF52: =COUNTIFS($E:$E,E52) -> 1
A53: 경북법인고객담당 | B53: 법인고객영업2부 | C53: 법인고객영업1팀 | D53: 황성욱 | E53: L0000008335 | F53: 주식회사금강 | G53: 법인가치고객 | H53: 본사 | I53: 1712110034337 | J53: 5058137530 | K53: 본사 | L53: 정상 | M53: 제조업 | N53: 기업 | O53: Manufacture>자동차/기계>자동차>자동차부품제조-종합 | P53: 26 | Q53: 중기업 | R53: 주식회사 | S53: 신규설립(개업) | T53: 정상 | U53: 경북 경주시 서면 | V53: 아화리 300-3번지 | W53: 054 751 6324 | X53: 자동차 시트 높낮이 조절장치 외 | Y53: 경북 경주시 서면 갠버불길 | Z53: 33 (아화리) | AA53: 196 | AB53: B- | AC53: 그외 기타 자동차 부품 제조업 | AD53: 제조업 | AF53: =COUNTIFS($E:$E,E53) -> 1
A54: 경북법인고객담당 | B54: 법인고객영업1부 | C54: 법인고객영업2팀 | D54: 서유정 | E54: A0001573111 | F54: 주식회사근영에너지 | G54: 법인가치고객 | H54: 본사 | I54: 1757110004592 | J54: 5028602226 | K54: 본사 | L54: 정상 | M54: 에너지 | N54: 에너지/환경 | O54: Public>공공>수도/가스/전기>발전소 | P54: 5 | Q54: 소기업 | R54: 주식회사 | S54: 신규설립(개업) | T54: 정상 | U54: 경북 봉화군 명호면 | V54: 양곡리 173번지 | X54: 태양광발전소 | Y54: 경북 봉화군 명호면 양곡길 | Z54: 273 (양곡리) | AA54: 0 | AB54: BBB- | AC54: 기타 발전업 | AD54: 제조업 | AF54: =COUNTIFS($E:$E,E54) -> 1
A55: 경북법인고객담당 | B55: 법인고객영업3부 | C55: 법인고객영업2팀 | D55: 권도경 | E55: 1-MZZWZP | F55: 주식회사 휘닉스테크 | G55: 법인가치고객 | H55: 본사 | I55: 1760110095403 | J55: 5138189169 | K55: 본사 | L55: 정상 | M55: 판매업 | N55: 공통 | O55: Manufacture>전자>전기전자장비>전자부품제조 | P55: 21 | Q55: 중기업 | R55: 주식회사 | S55: 분할신설 | T55: 정상 | U55: 경북 구미시 공단동 | V55: 130번지 | W55: 054 467 6007 | X55: HEAT SINK,SSD CASE,이차전지부품 | Y55: 경북 구미시 산호대로 | Z55: 422(공단동) | AA55: 37 | AB55: BB+ | AC55: 그외 기타 전자부품 제조업 | AD55: 제조업 | AF55: =COUNTIFS($E:$E,E55) -> 1
A56: 경북법인고객담당 | B56: 법인고객영업3부 | C56: 법인고객영업1팀 | D56: 고한용 | E56: 0CQ8H2DHS2Z | F56: 주식회사 혜성에스에이치 | G56: 법인가치고객 | H56: 본사 | I56: 1754110022558 | J56: 5658802269 | K56: 본사 | L56: 정상 | O56: Manufacture>소비재>음식료>육류가공/저장처리-종합 | P56: 10 | Q56: 소상공인 | R56: 주식회사 | S56: 신규설립(개업) | T56: 정상 | U56: 경북 문경시 산양면 | V56: 진정리 630-11번지 | X56: 기타 식음료품및담배제품 | Y56: 경북 문경시 산양면 산양공단1길 | Z56: 1 (진정리) | AA56: 8 | AB56: B+ | AD56: 제조업 | AF56: =COUNTIFS($E:$E,E56) -> 1
A57: 경북법인고객담당 | B57: 법인고객영업1부 | C57: 법인고객영업1팀 | D57: 홍승철 | E57: 0BOBCJGIJYR | F57: 주식회사 한국문화방송 | G57: 법인가치고객 | H57: 본사 | I57: 1711110031442 | J57: 2908100107 | K57: 본사 | L57: 정상 | M57: 서비스 | N57: 공통 | O57: Information>통신/방송/언론>신문/잡지>신문사-인터넷 | P57: 0 | R57: 주식회사 | S57: 신규설립(개업) | T57: 정상 | U57: 경북 안동시 길안면 | V57: 천지리 604-1번지 | Y57: 경북 안동시 길안면 천지안길 | Z57: 75 (천지리) | AA57: 0 | AC57: 잡지 및 정기간행물 발행업 | AD57: 제조업 | AF57: =COUNTIFS($E:$E,E57) -> 1
A58: 경북법인고객담당 | B58: 법인고객영업1부 | C58: 법인고객영업2팀 | D58: 김병욱 | E58: AIBKZJPL7VD | F58: 주식회사 피플데이타 | G58: 법인가치고객 | I58: 170111-0466096 | J58: 5028618581 | AF58: =COUNTIFS($E:$E,E58) -> 1
A59: 경북법인고객담당 | B59: 법인고객영업3부 | C59: 법인고객영업2팀 | D59: 박종섭 | E59: A0001639907 | F59: 주식회사 피에스일렉트로닉스 | G59: 법인가치고객 | H59: 본사 | I59: 171711-0071503 | J59: 5068159541 | K59: 본사 | L59: 정상 | P59: 96 | Q59: 중기업 | R59: 주식회사 | S59: 신규설립(개업) | T59: 정상 | U59: 경기 성남시 분당구 서현동 | V59: 272-4번지 삼헌빌딩 8층 | W59: 031 781 8560 | X59: 고효율 전력증폭기(PAM), 스위치, 필터 개발, 제조, 판매 등 | Y59: 경기 성남시 분당구 황새울로319번길 | Z59: 8-4, 8층 (서현동,삼헌빌딩) | AA59: 21 | AB59: BB | AC59: 그외 기타 전자부품 제조업 | AD59: 제조업 | AF59: =COUNTIFS($E:$E,E59) -> 1
A60: 경북법인고객담당 | B60: 법인고객영업2부 | C60: 법인고객영업2팀 | D60: 이대석 | E60: 0AKPDCXIJ32 | F60: 주식회사 포항국제물류센터 냉동창고 | G60: 법인가치고객 | H60: 본사 | I60: 1717110115020 | J60: 5068191143 | K60: 본사 | L60: 정상 | M60: 서비스 | N60: 공통 | O60: Retail/Service>운수업>기타 운송관련서비스>냉동창고 | P60: 15 | Q60: 소상공인 | R60: 주식회사 | S60: 신규설립(개업) | T60: 정상 | U60: 경북 포항시 북구 흥해읍 | V60: 용한리 895번지 | W60: 054 241 8100 | X60: 냉동 및 냉장, 일반 창고, 물류창고, 물류서비스 등 | Y60: 경북 포항시 북구 흥해읍 영일만항로 | Z60: 236 (용한리) | AA60: 9 | AB60: BBB- | AC60: 일반 창고업 | AD60: 제조업 | AF60: =COUNTIFS($E:$E,E60) -> 3
A61: 경북법인고객담당 | B61: 법인고객영업2부 | C61: 법인고객영업2팀 | D61: 이대석 | E61: 0AKPDCXIJ32 | F61: 주식회사 포항국제물류센터 냉동창고 | G61: 법인가치고객 | H61: 본사 | K61: 본사 | L61: 정상 | M61: 서비스 | N61: 공통 | O61: Retail/Service>운수업>기타 운송관련서비스>냉동창고 | P61: 15 | Q61: 소상공인 | R61: 주식회사 | S61: 신규설립(개업) | T61: 정상 | U61: 경북 포항시 북구 흥해읍 | V61: 용한리 895번지 | W61: 054 241 8100 | X61: 냉동 및 냉장, 일반 창고, 물류창고, 물류서비스 등 | Y61: 경북 포항시 북구 흥해읍 영일만항로 | Z61: 236 (용한리) | AA61: 9 | AB61: BBB- | AC61: 일반 창고업 | AD61: 제조업 | AF61: =COUNTIFS($E:$E,E61) -> 3
A62: 경북법인고객담당 | B62: 법인고객영업2부 | C62: 법인고객영업2팀 | D62: 조영욱 | E62: 0AKPDCXIJ32 | F62: 주식회사 포항국제물류센터 냉동창고 | G62: 법인가치고객 | H62: 본사 | I62: 1717110115020 | J62: 5068191143 | K62: 본사 | L62: 정상 | M62: 서비스 | N62: 공통 | O62: Retail/Service>운수업>기타 운송관련서비스>냉동창고 | P62: 15 | Q62: 소상공인 | R62: 주식회사 | S62: 신규설립(개업) | T62: 정상 | U62: 경북 포항시 북구 흥해읍 | V62: 용한리 895번지 | W62: 054 241 8100 | X62: 냉동 및 냉장, 일반 창고, 물류창고, 물류서비스 등 | Y62: 경북 포항시 북구 흥해읍 영일만항로 | Z62: 236 (용한리) | AA62: 9 | AB62: BBB- | AC62: 일반 창고업 | AD62: 제조업 | AF62: =COUNTIFS($E:$E,E62) -> 3
A63: 경북법인고객담당 | B63: 법인고객영업2부 | C63: 법인고객영업1팀 | D63: 김준웅 | E63: A0001279782 | F63: 주식회사 포유산업 | G63: 법인가치고객 | H63: 본사 | I63: 1717110075729 | J63: 5068162648 | K63: 본사 | L63: 정상 | M63: 서비스 | N63: 공통 | O63: Manufacture>중공업>금속>철강업-기타 | P63: 7 | Q63: 소기업 | R63: 주식회사 | S63: 신규설립(개업) | T63: 정상 | U63: 경북 포항시 남구 연일읍 | V63: 생지리 278-1번지 | W63: 054 286 3749 | Y63: 경북 포항시 남구 연일읍 연일중앙로 | Z63: 9-7 (생지리) | AA63: 66 | AB63: BBB+ | AD63: 제조업 | AF63: =COUNTIFS($E:$E,E63) -> 1
A64: 경북법인고객담당 | B64: 법인고객영업1부 | C64: 법인고객영업2팀 | D64: 김병욱 | E64: 0F8QINZI6O7 | F64: 주식회사 퍼센트 | G64: 법인가치고객 | H64: 본사 | I64: 1756110029500 | J64: 8328703405 | K64: 본사 | L64: 정상 | O64: Manufacture>중공업>건설>실내외장식공사 | P64: 2 | Q64: 소기업 | R64: 주식회사 | S64: 신규설립(개업) | T64: 정상 | U64: 경북 영주시 휴천동 | V64: 673-8번지 2층 202호 | Y64: 경북 영주시 구성로 | Z64: 293, 2층 202호 (휴천동) | AA64: 0 | AB64: B | AC64: 도배, 실내장식 및 내장 목공사업 | AD64: 제조업 | AF64: =COUNTIFS($E:$E,E64) -> 1
A65: 경북법인고객담당 | B65: 법인고객영업2부 | C65: 법인고객영업2팀 | D65: 이대석 | E65: A0002796752 | F65: 주식회사 팜스포피플 | G65: 법인가치고객 | H65: 본사 | I65: 1101114621995 | J65: 1198643194 | K65: 본사 | L65: 정상 | M65: IT | N65: 기업 | O65: Information>IT>인터넷사업>인터넷상거래 | P65: 67 | Q65: 소상공인 | R65: 주식회사 | S65: 신규설립(개업) | T65: 정상 | U65: 경북 포항시 북구 죽도동 | V65: 162-1 | W65: 15990195 | X65: 인터넷포탈사이트운영업 외 | Y65: 경북 포항시 북구 칠성천길 | Z65: 72 (죽도동) | AA65: 4 | AB65: BB | AC65: 포털 및 기타 인터넷 정보매개 서비스업 | AD65: 제조업 | AF65: =COUNTIFS($E:$E,E65) -> 2
A66: 경북법인고객담당 | B66: 법인고객영업2부 | C66: 법인고객영업2팀 | D66: 조영욱 | E66: A0002796752 | F66: 주식회사 팜스포피플 | G66: 법인가치고객 | H66: 본사 | I66: 1101114621995 | J66: 1198643194 | K66: 본사 | L66: 정상 | M66: IT | N66: 기업 | O66: Information>IT>인터넷사업>인터넷상거래 | P66: 67 | Q66: 소상공인 | R66: 주식회사 | S66: 신규설립(개업) | T66: 정상 | U66: 경북 포항시 북구 죽도동 | V66: 162-1 | W66: 15990195 | X66: 인터넷포탈사이트운영업 외 | Y66: 경북 포항시 북구 칠성천길 | Z66: 72 (죽도동) | AA66: 4 | AB66: BB | AC66: 포털 및 기타 인터넷 정보매개 서비스업 | AD66: 제조업 | AF66: =COUNTIFS($E:$E,E66) -> 2
A67: 경북법인고객담당 | B67: 법인고객영업3부 | C67: 법인고객영업1팀 | D67: 박하림 | E67: 0EU4GGLH9HS | F67: 주식회사 티제이이엔지 | G67: 법인가치고객 | H67: 본사 | I67: 1760110152550 | J67: 5868802043 | K67: 본사 | L67: 정상 | M67: 부동산업 | N67: 건설/호텔 | O67: Manufacture>전자>전기전자장비>전자부품제조 | P67: 109 | Q67: 소기업 | R67: 주식회사 | S67: 신규설립(개업) | T67: 정상 | U67: 경북 구미시 공단동 | V67: 258-8번지 | Y67: 경북 구미시 1공단로 | Z67: 249 (공단동) | AA67: 0 | AB67: B+ | AC67: 기타 부동산 임대업 | AD67: 제조업 | AF67: =COUNTIFS($E:$E,E67) -> 1
A68: 경북법인고객담당 | B68: 법인고객영업3부 | C68: 법인고객영업1팀 | D68: 김승환 | E68: 09D2H0MI7U5 | F68: 주식회사 티에스피 | G68: 법인가치고객 | H68: 본사 | I68: 1511110081889 | J68: 1528102351 | K68: 본사 | L68: 정상 | O68: 정보보안운영 | P68: 87 | R68: 주식회사 | S68: 신규설립(개업) | T68: 정상 | U68: 경북 문경시 마성면 | V68: 신현리 557-10번지 | Y68: 경북 문경시 마성면 구랑로 | Z68: 210 (신현리) | AA68: 7 | AB68: D | AC68: 응용소프트웨어 개발 및 공급업 | AD68: 제조업 | AF68: =COUNTIFS($E:$E,E68) -> 1
A69: 경북법인고객담당 | B69: 법인고객영업3부 | C69: 법인고객영업2팀 | D69: 박종섭 | E69: 0BRKIQHHQ42 | F69: 주식회사 타임리 | G69: 법인가치고객 | H69: 본사 | I69: 1701110707838 | J69: 2298801044 | K69: 본사 | L69: 정상 | O69: Information>IT>소프트웨어 개발>소프트웨어개발 | P69: 4 | Q69: 소기업 | R69: 주식회사 | S69: 신규설립(개업) | T69: 정상 | U69: 대구 수성구 대흥동 | V69: 848-1번지 SW융합테크비즈센터 315호 | W69: 053 325 4958 | X69: 플랫폼서비스 | Y69: 대구 수성구 알파시티1로 | Z69: 160, 315호 (대흥동,SW융합테크비즈센터) | AA69: 9 | AB69: B+ | AC69: 응용소프트웨어 개발 및 공급업 | AD69: 제조업 | AF69: =COUNTIFS($E:$E,E69) -> 1
A70: 경북법인고객담당 | B70: 법인고객영업1부 | C70: 법인고객영업2팀 | D70: 김병욱 | E70: 0AI6INYHXPP | F70: 주식회사 코코파 | G70: 법인가치고객 | H70: 본사 | I70: 1756110021275 | J70: 7298101394 | K70: 본사 | L70: 정상 | O70: Manufacture>소비재>섬유/의류/피혁>의류제조-종합 | P70: 1 | Q70: 소기업 | R70: 주식회사 | S70: 신규설립(개업) | T70: 정상 | U70: 경북 영주시 영주1동 | V70: 35-20번지 임마누엘선교회관 3층 | Y70: 경북 영주시 광복로 | Z70: 34, 3층 (영주동,임마누엘선교회관) | AA70: 0 | AB70: B+ | AC70: 그외 기타 달리 분류되지 않은 제품 제조업 | AD70: 제조업 | AF70: =COUNTIFS($E:$E,E70) -> 1
A71: 경북법인고객담당 | B71: 법인고객영업3부 | C71: 법인고객영업1팀 | D71: 박하림 | E71: 0B8KH7FIB5A | F71: 주식회사 청안 | G71: 법인가치고객 | H71: 본사 | I71: 1760110159689 | J71: 3778802245 | K71: 본사 | L71: 정상 | O71: Retail/Service>숙박/음식점/부동산/임대업>임대업>원룸임대 | P71: 3 | Q71: 소기업 | R71: 주식회사 | S71: 신규설립(개업) | T71: 정상 | U71: 경북 구미시 진평동 | V71: 84-3번지 | Y71: 경북 구미시 인동32길 | Z71: 13-8 (진평동) | AA71: 0 | AB71: B- | AD71: 제조업 | AF71: =COUNTIFS($E:$E,E71) -> 1
A72: 경북법인고객담당 | B72: 법인고객영업2부 | C72: 법인고객영업2팀 | D72: 이대석 | E72: A0001633765 | F72: 주식회사 창 | G72: 법인가치고객 | H72: 본사 | I72: 1717110040839 | J72: 5068135613 | K72: 본사 | L72: 정상 | M72: 제조업 | N72: 기업 | O72: Retail/Service>도소매>산업재 판매>커튼판매 | P72: 18 | Q72: 중기업 | R72: 주식회사 | S72: 신규설립(개업) | T72: 정상 | U72: 경북 포항시 북구 청하면 | V72: 하대리 559-57번지 | W72: 054 231 9111 | X72: 커튼 | Y72: 경북 포항시 북구 청하면 동해대로2315번길 | Z72: 13-3 (하대리) | AA72: 68 | AB72: A- | AC72: 커튼 및 유사제품 제조업 | AD72: 제조업 | AF72: =COUNTIFS($E:$E,E72) -> 2
A73: 경북법인고객담당 | B73: 법인고객영업2부 | C73: 법인고객영업2팀 | D73: 조영욱 | E73: A0001633765 | F73: 주식회사 창 | G73: 법인가치고객 | H73: 본사 | I73: 1717110040839 | J73: 5068135613 | K73: 본사 | L73: 정상 | M73: 제조업 | N73: 기업 | O73: Retail/Service>도소매>산업재 판매>커튼판매 | P73: 18 | Q73: 중기업 | R73: 주식회사 | S73: 신규설립(개업) | T73: 정상 | U73: 경북 포항시 북구 청하면 | V73: 하대리 559-57번지 | W73: 054 231 9111 | X73: 커튼 | Y73: 경북 포항시 북구 청하면 동해대로2315번길 | Z73: 13-3 (하대리) | AA73: 68 | AB73: A- | AC73: 커튼 및 유사제품 제조업 | AD73: 제조업 | AF73: =COUNTIFS($E:$E,E73) -> 2
A74: 경북법인고객담당 | B74: 법인고객영업3부 | C74: 법인고객영업1팀 | D74: 고한용 | E74: 08CMGEKIKK2 | F74: 주식회사 주한산업 | G74: 법인가치고객 | H74: 본사 | I74: 1513110017335 | J74: 3028602228 | K74: 본사 | L74: 정상 | M74: 판매업 | N74: 공통 | O74: Manufacture>소비재>목재/비금속제조>콘크리트조립구조재제조 | P74: 10 | R74: 주식회사 | S74: 신규설립(개업) | T74: 정상 | U74: 경북 상주시 화서면 | V74: 상용리 28번지 | Y74: 경북 상주시 화서면 영남제일로 | Z74: 4287-11 (상용리) | AA74: 14 | AB74: B | AC74: 그외 기타 건축자재 도매업 | AD74: 제조업 | AF74: =COUNTIFS($E:$E,E74) -> 1
A75: 경북법인고객담당 | B75: 법인고객영업3부 | C75: 법인고객영업1팀 | D75: 한주수 | E75: 1-I6RAAW | F75: 주식회사 정도정밀 | G75: 핵심고객 | H75: 본사 | I75: 1713110026051 | J75: 5108132051 | K75: 본사 | L75: 정상 | M75: 제조업 | N75: 기업 | O75: Manufacture>자동차/기계>자동차>자동차부품제조-종합 | P75: 2 | Q75: 중기업 | R75: 주식회사 | S75: 법인전환 | T75: 정상 | U75: 경북 김천시 신음동 | V75: 84번지 | W75: 054 435 1012 | X75: 자동차배기용 머플러 | Y75: 경북 김천시 농공단지2길 | Z75: 35 (신음동) | AA75: 7 | AB75: CCC | AC75: 그외 기타 자동차 부품 제조업 | AD75: 제조업 | AF75: =COUNTIFS($E:$E,E75) -> 1
A76: 경북법인고객담당 | B76: 법인고객영업2부 | C76: 법인고객영업2팀 | D76: 오다영 | E76: 0BXTGE0I477 | F76: 주식회사 임팩티브에이아이 | G76: 법인가치고객 | H76: 본사 | K76: 본사 | L76: 정상 | M76: IT | N76: 기업 | O76: Retail/Service>서비스업>사업서비스업>사업/경영상담-기타 | P76: 2 | Q76: 소상공인 | R76: 주식회사 | S76: 신규설립(개업) | T76: 정상 | U76: 경북 포항시 북구 흥해읍 | V76: 남송리 3번지 한동대학교 창업보육센터 406호 | W76: 054 563 9877 | X76: AI 수요예측 솔루션 | Y76: 경북 포항시 북구 흥해읍 한동로 | Z76: 558, 406호 (남송리,한동대학교창업보육센터) | AA76: 7 | AB76: B | AC76: 응용소프트웨어 개발 및 공급업 | AD76: 제조업 | AF76: =COUNTIFS($E:$E,E76) -> 1
A77: 경북법인고객담당 | B77: 법인고객영업1부 | C77: 법인고객영업1팀 | D77: 권항구 | E77: 0AQKESVIL4G | F77: 주식회사 이앤에스 | G77: 법인가치고객 | H77: 본사 | I77: 1711110042639 | J77: 4048601582 | K77: 본사 | L77: 정상 | M77: 판매업 | N77: 공통 | O77: Retail/Service>도소매>산업재 판매>철물/건설자재소매-기타 | P77: 3 | Q77: 소기업 | R77: 주식회사 | S77: 신규설립(개업) | T77: 정상 | U77: 경북 안동시 신안동 | V77: 28-81번지 2층 | W77: 054 853 1233 | X77: 조명기구 (전구, 램프) | Y77: 경북 안동시 퇴계로 | Z77: 162, 2층 (신안동) | AA77: 2 | AB77: B+ | AC77: 전구·램프 및 조명장치 도매업 | AD77: 제조업 | AF77: =COUNTIFS($E:$E,E77) -> 1
A78: 경북법인고객담당 | B78: 법인고객영업3부 | C78: 법인고객영업1팀 | D78: 박하림 | E78: 1-16JMCME | F78: 주식회사 을화 | G78: 법인가치고객 | H78: 본사 | I78: 1760110144177 | J78: 5748701855 | K78: 본사 | L78: 정상 | M78: 제조업 | N78: 기업 | O78: Manufacture>소비재>섬유/의류/피혁>염색 | P78: 229 | Q78: 중기업 | R78: 주식회사 | S78: 분할신설 | T78: 정상 | U78: 경북 구미시 공단동 | V78: 248번지 | W78: 054 463 8387 | X78: 섬유제조 및 판매 | Y78: 경북 구미시 1공단로 | Z78: 159 (공단동) | AA78: 66 | AB78: AA- | AC78: 그외 기타 분류안된 섬유제품 제조업 | AD78: 제조업 | AF78: =COUNTIFS($E:$E,E78) -> 1
A79: 경북법인고객담당 | B79: 법인고객영업3부 | C79: 법인고객영업1팀 | D79: 박하림 | E79: 0BE1DZXHYYF | F79: 주식회사 와이에스텍 | G79: 법인가치고객 | H79: 본사 | I79: 1760110114758 | J79: 6388700752 | K79: 본사 | L79: 정상 | M79: 제조업 | N79: 기업 | O79: Retail/Service>숙박/음식점/부동산/임대업>부동산업>부동산관련서비스-기타 | P79: 1 | Q79: 소기업 | R79: 주식회사 | S79: 신규설립(개업) | T79: 정상 | U79: 경북 구미시 공단2동 | V79: 265-35번지 102호 | Y79: 경북 구미시 1공단로10길 | Z79: 53-69, 102호 (공단동) | AA79: 0 | AB79: CCC | AC79: 그외 기타 전자부품 제조업 | AD79: 제조업 | AF79: =COUNTIFS($E:$E,E79) -> 1
A80: 경북법인고객담당 | B80: 법인고객영업3부 | C80: 법인고객영업1팀 | D80: 황현철 | E80: 1-I3ZE0J | F80: 주식회사 옴니엔지니어링 | G80: 핵심고객 | H80: 본사 | I80: 1101115137115 | J80: 2308100371 | K80: 본사 | L80: 정상 | M80: 제조업 | N80: 기업 | O80: Manufacture>소비재>생활재>기계부속품(제조) | P80: 13 | Q80: 소기업 | R80: 주식회사 | S80: 신규설립(개업) | T80: 정상 | U80: 경북 구미시 산동읍 | V80: 신당리 1306번지 | W80: 054 475 0346 | X80: Battery설비/Display설비/Fa설비 | Y80: 경북 구미시 산동읍 첨단기업5로 | Z80: 10-48 (신당리) | AA80: 18 | AB80: B+ | AC80: 그외 기타 일반목적용 기계 제조업 | AD80: 제조업 | AF80: =COUNTIFS($E:$E,E80) -> 1
A81: 경북법인고객담당 | B81: 법인고객영업1부 | C81: 법인고객영업2팀 | D81: 김병욱 | E81: A0001914073 | F81: 주식회사 영주산업 | G81: 법인가치고객 | H81: 본사 | I81: 1756110011664 | J81: 5128117740 | K81: 본사 | L81: 정상 | M81: 제조업 | N81: 기업 | O81: Manufacture>중공업>금속>금속처리-종합 | P81: 1 | Q81: 소상공인 | R81: 주식회사 | S81: 신규설립(개업) | T81: 정상 | U81: 경북 영주시 문수면 | V81: 권선리 834번지 | W81: 054 637 8200 | Y81: 경북 영주시 문수면 반구로 | Z81: 328-37 (권선리) | AA81: 5 | AB81: A- | AD81: 제조업 | AF81: =COUNTIFS($E:$E,E81) -> 1
A82: 경북법인고객담당 | B82: 법인고객영업2부 | C82: 법인고객영업2팀 | D82: 정연오 | E82: 1-K7Q6MF | F82: 주식회사 영빈산업 | G82: 법인가치고객 | H82: 본사 | I82: 1717110052545 | J82: 5068144994 | K82: 본사 | L82: 정상 | M82: 제조업 | N82: 기업 | O82: Manufacture>소비재>목재/비금속제조>레미콘제조-판매 | P82: 14 | Q82: 중기업 | R82: 주식회사 | S82: 신규설립(개업) | T82: 정상 | U82: 대구 북구 검단동 | V82: 509번지 | W82: 053 384 3500 | X82: 레미콘 및 아스콘 등 | Y82: 대구 북구 검단공단로 | Z82: 107 (검단동) | AA82: 28 | AB82: AA- | AC82: 레미콘 제조업 | AD82: 제조업 | AF82: =COUNTIFS($E:$E,E82) -> 2
A83: 경북법인고객담당 | B83: 법인고객영업2부 | C83: 법인고객영업2팀 | D83: 조영욱 | E83: 1-K7Q6MF | F83: 주식회사 영빈산업 | G83: 법인가치고객 | H83: 본사 | I83: 1717110052545 | J83: 5068144994 | K83: 본사 | L83: 정상 | M83: 제조업 | N83: 기업 | O83: Manufacture>소비재>목재/비금속제조>레미콘제조-판매 | P83: 14 | Q83: 중기업 | R83: 주식회사 | S83: 신규설립(개업) | T83: 정상 | U83: 대구 북구 검단동 | V83: 509번지 | W83: 053 384 3500 | X83: 레미콘 및 아스콘 등 | Y83: 대구 북구 검단공단로 | Z83: 107 (검단동) | AA83: 28 | AB83: AA- | AC83: 레미콘 제조업 | AD83: 제조업 | AF83: =COUNTIFS($E:$E,E83) -> 2
A84: 경북법인고객담당 | B84: 법인고객영업3부 | C84: 법인고객영업2팀 | D84: 박종섭 | E84: A0001599000 | F84: 주식회사 영도벨벳 | G84: 핵심고객 | H84: 본사 | I84: 1101110364614 | J84: 1048125073 | K84: 본사 | L84: 정상 | M84: 제조업 | N84: 기업 | O84: Manufacture>소비재>섬유/의류/피혁>제사/방적/직조업-종합 | P84: 4 | Q84: 중기업 | R84: 주식회사 | S84: 신규설립(개업) | T84: 정상 | U84: 경북 구미시 시미동 | V84: 168-5번지 | W84: 054 472 1771 | X84: 벨벳직물, 번아웃벨벳직물 외 | Y84: 경북 구미시 3공단2로 | Z84: 82-34 | AA84: 106 | AB84: BBB- | AC84: 화학섬유직물 직조업 | AD84: 제조업 | AF84: =COUNTIFS($E:$E,E84) -> 1
A85: 경북법인고객담당 | B85: 법인고객영업2부 | C85: 법인고객영업2팀 | D85: 이대석 | E85: 09EUEPDIQZ0 | F85: 주식회사 영덕제1풍력발전 | G85: 법인가치고객 | H85: 본사 | K85: 본사 | L85: 정상 | M85: 에너지 | N85: 에너지/환경 | O85: Public>공공>수도/가스/전기>전기업-종합 | P85: 3 | Q85: 대기업 | R85: 주식회사 | S85: 신규설립(개업) | T85: 정상 | U85: 경북 영덕군 영덕읍 | V85: 화개리 598-2번지 | X85: 전기발전업 등 | Y85: 경북 영덕군 영덕읍 경동로 | Z85: 8300 (화개리) | AA85: 2 | AB85: B+ | AC85: 기타 발전업 | AD85: 제조업 | AF85: =COUNTIFS($E:$E,E85) -> 1
A86: 경북법인고객담당 | B86: 법인고객영업2부 | C86: 법인고객영업1팀 | D86: 황성욱 | E86: 09AEIPEICGK | F86: 주식회사 엠에스오토시스 | G86: 법인가치고객 | H86: 본사 | I86: 1712110143857 | J86: 6078622094 | K86: 본사 | L86: 정상 | O86: Manufacture>자동차/기계>자동차>자동차부품제조-종합 | P86: 213 | Q86: 중견기업 | R86: 주식회사 | S86: 분할신설 | T86: 정상 | U86: 경북 경주시 내남면 | V86: 노곡리 1023번지 | W86: 054 770 1810 | X86: 자동차 부품 등 | Y86: 경북 경주시 내남면 포석로 | Z86: 16-9 (노곡리) | AA86: 347 | AB86: CC | AC86: 그외 기타 자동차 부품 제조업 | AD86: 제조업 | AF86: =COUNTIFS($E:$E,E86) -> 1
A87: 경북법인고객담당 | B87: 법인고객영업3부 | C87: 법인고객영업2팀 | D87: 권도경 | E87: A0001724409 | F87: 주식회사 엘원 | G87: 법인가치고객 | H87: 본사 | I87: 1760110030889 | J87: 5138126785 | K87: 본사 | L87: 정상 | M87: 제조업 | N87: 기업 | O87: Manufacture>소비재>출판/인쇄>상업인쇄-기타 | P87: 38 | Q87: 소기업 | R87: 주식회사 | S87: 법인전환 | T87: 정상 | U87: 경북 구미시 공단동 | V87: 275-13번지 | W87: 054 461 7201 | X87: 라벨, 메뉴얼 외 | Y87: 경북 구미시 1공단로 | Z87: 86-39(공단동) | AA87: 44 | AB87: A | AC87: 기타 인쇄관련 산업 | AD87: 제조업 | AF87: =COUNTIFS($E:$E,E87) -> 1
A88: 경북법인고객담당 | B88: 법인고객영업2부 | C88: 법인고객영업2팀 | D88: 오다영 | E88: 1-I6QLSU | F88: 주식회사 에코프로에이피 | G88: 법인가치고객 | H88: 본사 | K88: 본사 | L88: 정상 | M88: 제조업 | N88: 기업 | O88: Manufacture>전자>전자부품/통신방송장비>전자관/전자부품제조-기타 | P88: 5 | Q88: 중견기업 | R88: 주식회사 | S88: 신규설립(개업) | T88: 정상 | U88: 경북 포항시 북구 흥해읍 | V88: 곡강리 1663번지 | W88: 054 720 3700 | X88: 산업용 특수가스의 제조 및 판매 | Y88: 경북 포항시 북구 흥해읍 영일만산단남로37번길 | Z88: 39 (곡강리) | AA88: 39 | AB88: A | AD88: 제조업 | AF88: =COUNTIFS($E:$E,E88) -> 1
A89: 경북법인고객담당 | B89: 법인고객영업1부 | C89: 법인고객영업2팀 | D89: 김병욱 | E89: 0CZAEX5ITAL | F89: 주식회사 에이치엠 | G89: 법인가치고객 | H89: 본사 | I89: 1756110017810 | J89: 8668800709 | K89: 본사 | L89: 정상 | M89: 건설업 | N89: 건설/호텔 | O89: Manufacture>중공업>건설>건설업-철근콘크리트공사 | P89: 1 | R89: 주식회사 | S89: 신규설립(개업) | T89: 정상 | U89: 경북 영주시 휴천3동 | V89: 373-6번지 | Y89: 경북 영주시 번영로 | Z89: 10 (휴천동) | AA89: 4 | AB89: B | AC89: 철근 및 철근콘크리트 공사업 | AD89: 제조업 | AF89: =COUNTIFS($E:$E,E89) -> 1
A90: 경북법인고객담당 | B90: 법인고객영업1부 | C90: 법인고객영업2팀 | D90: 김병욱 | E90: 08G4HXVJ5V0 | F90: 주식회사 아이리스컴퍼니 | G90: 법인가치고객 | H90: 본사 | I90: 1756110027900 | J90: 2128616394 | K90: 본사 | L90: 정상 | O90: Manufacture>소비재>출판/인쇄>광고대행-종합 | P90: 9 | R90: 주식회사 | S90: 신규설립(개업) | T90: 정상 | U90: 경북 영주시 순흥면 | V90: 청구리 19-1번지 숙박동 지하1층 | Y90: 경북 영주시 순흥면 선비세상로 | Z90: 124, 지하1층 (청구리,숙박동) | AA90: 3 | AB90: D | AD90: 제조업 | AF90: =COUNTIFS($E:$E,E90) -> 1
A91: 경북법인고객담당 | B91: 법인고객영업1부 | C91: 법인고객영업2팀 | D91: 김병욱 | E91: 07Q5FFTHZZ6 | F91: 주식회사 쎄븐영 | G91: 법인가치고객 | H91: 본사 | I91: 1756110022421 | J91: 8348801400 | K91: 본사 | L91: 정상 | P91: 0 | R91: 주식회사 | S91: 신규설립(개업) | T91: 정상 | U91: 경북 영주시 봉현면 | V91: 오현리 54번지 | Y91: 경북 영주시 봉현면 신재로 | Z91: 855 (오현리) | AA91: 0 | AC91: 기타 가공식품 도매업 | AD91: 제조업 | AF91: =COUNTIFS($E:$E,E91) -> 1
A92: 경북법인고객담당 | B92: 법인고객영업3부 | C92: 법인고객영업1팀 | D92: 고한용 | E92: A0001602716 | F92: 주식회사 썬앤진홀딩스 | G92: 법인가치고객 | H92: 본사 | I92: 1311110224144 | J92: 1298629374 | K92: 본사 | L92: 정상 | M92: 제조업 | N92: 기업 | O92: Retail/Service>도소매>종합 판매점>식자재판매 | P92: 13 | Q92: 소기업 | R92: 주식회사 | S92: 신규설립(개업) | T92: 정상 | U92: 경북 상주시 함창읍 | V92: 태봉리 341번지 | W92: 054 541 8139 | X92: 쌀국수 | Y92: 경북 상주시 함창읍 태봉2길 | Z92: 12 (태봉리) | AA92: 24 | AB92: B+ | AD92: 제조업 | AF92: =COUNTIFS($E:$E,E92) -> 1
A93: 경북법인고객담당 | B93: 법인고객영업3부 | C93: 법인고객영업1팀 | D93: 김승환 | E93: 081THRYHWYW | F93: 주식회사 스테이 | G93: 법인가치고객 | H93: 본사 | I93: 1754110023689 | J93: 1858602884 | K93: 본사 | L93: 정상 | O93: Retail/Service>숙박/음식점/부동산/임대업>숙박업>호텔-일반 | P93: 38 | Q93: 소기업 | R93: 주식회사 | S93: 신규설립(개업) | T93: 정상 | U93: 경북 문경시 흥덕동 | V93: 239-1번지 | W93: 054 556 2277 | Y93: 경북 문경시 호서로 | Z93: 66-3 (흥덕동) | AA93: 3 | AB93: B- | AD93: 제조업 | AF93: =COUNTIFS($E:$E,E93) -> 1
A94: 경북법인고객담당 | B94: 법인고객영업1부 | C94: 법인고객영업1팀 | D94: 권항구 | E94: 0AX6DX1HS8E | F94: 주식회사 수영산업 | G94: 법인가치고객 | H94: 본사 | I94: 1711110038290 | J94: 3578600837 | K94: 본사 | L94: 정상 | M94: 건설업 | N94: 건설/호텔 | O94: 하수도설비공사 | P94: 3 | Q94: 소상공인 | R94: 주식회사 | S94: 신규설립(개업) | T94: 정상 | U94: 경북 안동시 남후면 | V94: 광음리 1112-2번지 | W94: 054 855 2501 | X94: 상하수도설비공사 | Y94: 경북 안동시 남후면 농공길 | Z94: 52-9 (광음리) | AA94: 6 | AB94: BB | AC94: 배관 및 냉·난방 공사업 | AD94: 제조업 | AF94: =COUNTIFS($E:$E,E94) -> 1
A95: 경북법인고객담당 | B95: 법인고객영업3부 | C95: 법인고객영업2팀 | D95: 권도경 | E95: A0001652628 | F95: 주식회사 성윤 하이텍 | G95: 법인가치고객 | H95: 본사 | I95: 1760110027985 | J95: 5138124884 | AF95: =COUNTIFS($E:$E,E95) -> 1
A96: 경북법인고객담당 | B96: 법인고객영업1부 | C96: 법인고객영업2팀 | D96: 서유정 | E96: 0CYWHRLHWQK | F96: 주식회사 삼덕이엔지 | G96: 법인가치고객 | H96: 본사 | I96: 1757110014575 | J96: 5908602766 | K96: 본사 | L96: 정상 | O96: Manufacture>중공업>건설>건축설비설치공사-종합 | P96: 6 | Q96: 소상공인 | R96: 주식회사 | S96: 신규설립(개업) | T96: 정상 | U96: 경북 봉화군 석포면 | V96: 석포리 386-5번지 | Y96: 경북 봉화군 석포면 석포로1길 | Z96: 10 (석포리) | AA96: 3 | AB96: BB+ | AC96: 기타 건물설비 설치 공사업 | AD96: 제조업 | AF96: =COUNTIFS($E:$E,E96) -> 1
A97: 경북법인고객담당 | B97: 법인고객영업2부 | C97: 법인고객영업2팀 | D97: 오다영 | E97: 0DQZETNJFLZ | F97: 주식회사 삼구 | G97: 법인가치고객 | H97: 본사 | I97: 1717110148097 | J97: 7048801429 | K97: 본사 | L97: 정상 | M97: 건설업 | N97: 건설/호텔 | O97: Manufacture>중공업>건설>건설업-종합 | P97: 23 | Q97: 중기업 | R97: 주식회사 | S97: 신규설립(개업) | T97: 정상 | U97: 경북 포항시 북구 죽도동 | V97: 645-10번지 4층 | W97: 054 285 9300 | X97: 아파트와 상가 분양, 도급공사 등 | Y97: 경북 포항시 북구 포스코대로 | Z97: 274, 4층 (죽도동) | AA97: 34 | AB97: B- | AD97: 제조업 | AF97: =COUNTIFS($E:$E,E97) -> 2
A98: 경북법인고객담당 | B98: 법인고객영업2부 | C98: 법인고객영업2팀 | D98: 조영욱 | E98: 0DQZETNJFLZ | F98: 주식회사 삼구 | G98: 법인가치고객 | H98: 본사 | I98: 1717110148097 | J98: 7048801429 | K98: 본사 | L98: 정상 | M98: 건설업 | N98: 건설/호텔 | O98: Manufacture>중공업>건설>건설업-종합 | P98: 23 | Q98: 중기업 | R98: 주식회사 | S98: 신규설립(개업) | T98: 정상 | U98: 경북 포항시 북구 죽도동 | V98: 645-10번지 4층 | W98: 054 285 9300 | X98: 아파트와 상가 분양, 도급공사 등 | Y98: 경북 포항시 북구 포스코대로 | Z98: 274, 4층 (죽도동) | AA98: 34 | AB98: B- | AD98: 제조업 | AF98: =COUNTIFS($E:$E,E98) -> 2
A99: 경북법인고객담당 | B99: 법인고객영업1부 | C99: 법인고객영업2팀 | D99: 김병욱 | E99: 0A9XGZTICXX | F99: 주식회사 브릿지원이엔씨 | G99: 법인가치고객 | H99: 본사 | I99: 1344110078394 | J99: 1828800770 | K99: 본사 | L99: 정상 | O99: Manufacture>중공업>건설>건설업-종합 | P99: 1 | Q99: 소상공인 | R99: 주식회사 | S99: 신규설립(개업) | T99: 정상 | U99: 경북 영주시 가흥동 | V99: 1519-1번지 | W99: 070 40601119 | X99: 교량시공, 토목엔지니어링 서비스 외 | Y99: 경북 영주시 대학로 | Z99: 290-1 (가흥동) | AA99: 6 | AB99: CCC- | AC99: 교량, 터널 및 철도 건설업 | AD99: 제조업 | AF99: =COUNTIFS($E:$E,E99) -> 1
A100: 경북법인고객담당 | B100: 법인고객영업2부 | C100: 법인고객영업1팀 | D100: 김준웅 | E100: 1-V47QPO | F100: 주식회사 불이 | G100: 법인가치고객 | H100: 본사 | I100: 1712110090470 | J100: 2168141245 | AF100: =COUNTIFS($E:$E,E100) -> 2
A101: 경북법인고객담당 | B101: 법인고객영업2부 | C101: 법인고객영업1팀 | D101: 정윤성 | E101: 1-1IL52BS | F101: 주식회사 바우 | G101: 법인가치고객 | H101: 본사 | I101: 1712110014731 | J101: 4388104122 | K101: 본사 | O101: Retail/Service>도소매>자동차관련 판매>자동차부품판매 | P101: 1 | AA101: 0 | AF101: =COUNTIFS($E:$E,E101) -> 1
A102: 경북법인고객담당 | B102: 법인고객영업3부 | C102: 법인고객영업2팀 | D102: 신동희 | E102: 1-PJ37OP | F102: 주식회사 무지개무역 | G102: 법인가치고객 | H102: 본사 | I102: 1752110048839 | J102: 1518800102 | K102: 본사 | L102: 정상 | M102: 판매업 | N102: 공통 | O102: Retail/Service>도소매>생활재 판매>의류판매-종합 | P102: 21 | Q102: 중기업 | R102: 주식회사 | S102: 신규설립(개업) | T102: 정상 | U102: 경북 칠곡군 지천면 | V102: 금호리 98-2번지 | W102: 054 975 9444 | X102: 의류, 모자, 잡화 외 | Y102: 경북 칠곡군 지천면 금호로2길 | Z102: 10 (금호리) | AA102: 27 | AB102: BBB+ | AD102: 제조업 | AF102: =COUNTIFS($E:$E,E102) -> 1
...

Sheet 성장고객
E1: 1 | F1: 2 | G1: 3 | H1: 4 | I1: 5 | J1: 6 | K1: 7 | L1: 8 | M1: 9 | N1: 10 | O1: 11 | P1: 12 | Q1: 13 | R1: 14 | S1: 15 | T1: 16 | U1: 17 | V1: 18 | W1: 19 | X1: 20 | Y1: 21 | Z1: 22 | AA1: 23 | AB1: 24 | AC1: 25 | AD1: 26 | AE1: 27 | AF1: 28 | AG1: 29 | AH1: 30 | AI1: 31 | AJ1: 32 | AK1: 33 | AL1: 34 | AM1: 35 | AN1: 36 | AO1: 37 | AP1: 38 | AQ1: 39 | AR1: 40 | AS1: 41 | AT1: 42 | AU1: 43 | AV1: 44 | AW1: 45 | AX1: 46 | AY1: 47 | AZ1: 48 | BA1: 49 | BB1: 50 | BC1: 51 | BD1: 52 | BE1: 53 | BF1: 54 | BG1: 55 | BH1: 56 | BI1: 57 | BJ1: 58 | BK1: 59 | BL1: 60 | BM1: 61 | BN1: 62 | BO1: 63 | BP1: 64 | BQ1: 65 | BR1: 66 | BS1: 67 | BT1: 68 | BU1: 69 | BV1: 70 | BW1: 71 | BX1: 72 | BY1: 73 | BZ1: 74 | CA1: 75 | CB1: 76 | CC1: 77 | CD1: 78 | CE1: 79 | CF1: 80 | CG1: 81 | CH1: 82 | CI1: 83 | CJ1: 84 | CK1: 85 | CL1: 86 | CM1: 87 | CN1: 88 | CO1: 89 | CP1: 90 | CQ1: 91 | CR1: 92
AO3: 전체매출 | AP3: 전체매출 | AQ3: 전체매출 | AR3: 전체매출 | AS3: 전체매출 | AT3: 전체매출 | AU3: 전체매출 | AV3: 전체매출 | AW3: 전체매출 | AX3: 전체매출 | AY3: 전체매출 | AZ3: 전체매출 | BA3: 전체매출 | BB3: 전체매출 | BC3: 신규매출 | BD3: 신규매출 | BE3: 신규매출 | BF3: 신규매출 | BG3: 신규매출 | BH3: 신규매출 | BI3: 신규매출 | BJ3: 신규매출 | BK3: 신규매출 | BL3: 신규매출 | BM3: 신규매출 | BN3: 신규매출 | BO3: 신규매출 | BP3: 신규매출
A4: 법인단 | B4: 영업부 | C4: 팀 | D4: 영업사원 | E4: 관리고객ID | F4: 관리고객명 | G4: 고객분류 | H4: 계층유형 | I4: 법인등록번호 | J4: 사업자번호 | K4: 계층유형 | L4: 사업상태 | M4: Biz 업종1 | N4: Biz 업종2 | O4: 114업종 | P4: 회선수 | Q4: 기업규모 | R4: 기업형태 | S4: 설립형태 | T4: 기업상태 | U4: 지번주소 | V4: 지번상세주소 | W4: 전화번호 | X4: 제품명 | Y4: 도로명주소 | Z4: 도로명상세주소 | AA4: 근로자수총합 | AB4: 신용등급 | AC4: 신업종명 | AD4: 재무업종명 | AE4: 상품1 | AF4: 회선1 | AG4: 상품2 | AH4: 회선2 | AI4: 상품3 | AJ4: 회선3 | AK4: 상품4 | AL4: 회선4 | AM4: 상품5 | AN4: 회선5 | AO4: '25.1월 | AP4: '25.2월 | AQ4: '25.3월 | AR4: '25.4월 | AS4: '25.5월 | AT4: '25.6월 | AU4: '25.7월 | AV4: '25.8월 | AW4: '25.9월 | AX4: '25.10월 | AY4: '25.11월 | AZ4: '25.12월 | BA4: '25년 월평균 매출 | BB4: '25년 매출합계 | BC4: '25.1월 | BD4: '25.2월 | BE4: '25.3월 | BF4: '25.4월 | BG4: '25.5월 | BH4: '25.6월 | BI4: '25.7월 | BJ4: '25.8월 | BK4: '25.9월 | BL4: '25.10월 | BM4: '25.11월 | BN4: '25.12월 | BO4: '25년 월평균 매출 | BP4: '25년 매출합계 | BQ4: 신규상품1 | BR4: 신규1매출 | BS4: 전체 대비 비중 | BT4: 신규상품2 | BU4: 신규2매출 | BV4: 전체 대비 비중 | BW4: 신규상품3 | BX4: 신규3매출 | BY4: 전체 대비 비중 | BZ4: 신규상품4 | CA4: 신규4매출 | CB4: 전체 대비 비중 | CC4: 신규상품5 | CD4: 신규5매출 | CE4: 전체 대비 비중 | CF4: 신규매출 | CG4: 전체 대비 비중 | CH4: 전체상품1 | CI4: 전체1매출 | CJ4: 전체상품2 | CK4: 전체2매출 | CL4: 전체상품3 | CM4: 전체3매출 | CN4: 전체상품4 | CO4: 전체4매출 | CP4: 전체상품5 | CQ4: 전체5매출 | CR4: 전체매출
A5: 경북법인고객담당 | B5: 법인고객영업2부 | C5: 법인고객영업2팀 | D5: 정연오 | E5: L0000020275 | F5: 흥해농업협동조합 | G5: 법인가치고객 | H5: 본사 | AE5: {=IF(AF5="","",INDEX(전산회선!$E$4:$E$1141,_xlfn.AGGREGATE(15,6,ROW(전산회선!$E$4:$E$1141)-ROW(전산회선!$E$4)+1/((전산회선!$B$4:$B$1141=$E5)*(전산회선!$F$4:$F$1141=AF5)),1)))} -> 홈일반전화 | AF5: =IFERROR(IF(_xlfn.MAXIFS(전산회선!$F$4:$F$1141,전산회선!$B$4:$B$1141,$E5)=0,"",_xlfn.MAXIFS(전산회선!$F$4:$F$1141,전산회선!$B$4:$B$1141,$E5)),"") -> 10 | AG5: {=IF(AH5="","",INDEX(전산회선!$E$4:$E$1141,_xlfn.AGGREGATE(15,6,ROW(전산회선!$E$4:$E$1141)-ROW(전산회선!$E$4)+1/((전산회선!$B$4:$B$1141=$E5)*(전산회선!$F$4:$F$1141=AH5)),1)))} -> GiGA인터넷 | AH5: =IFERROR(IF(_xlfn.MAXIFS(전산회선!$F$4:$F$1141,전산회선!$B$4:$B$1141,$E5,전산회선!$F$4:$F$1141,"<"&AF5)=0,"",_xlfn.MAXIFS(전산회선!$F$4:$F$1141,전산회선!$B$4:$B$1141,$E5,전산회선!$F$4:$F$1141,"<"&AF5)),"") -> 5 | AI5: {=IF(AJ5="","",INDEX(전산회선!$E$4:$E$1141,_xlfn.AGGREGATE(15,6,ROW(전산회선!$E$4:$E$1141)-ROW(전산회선!$E$4)+1/((전산회선!$B$4:$B$1141=$E5)*(전산회선!$F$4:$F$1141=AJ5)),1)))} -> GTS | AJ5: =IFERROR(IF(_xlfn.MAXIFS(전산회선!$F$4:$F$1141,전산회선!$B$4:$B$1141,$E5,전산회선!$F$4:$F$1141,"<"&AH5)=0,"",_xlfn.MAXIFS(전산회선!$F$4:$F$1141,전산회선!$B$4:$B$1141,$E5,전산회선!$F$4:$F$1141,"<"&AH5)),"") -> 1 | AK5: {=IF(AL5="","",INDEX(전산회선!$E$4:$E$1141,_xlfn.AGGREGATE(15,6,ROW(전산회선!$E$4:$E$1141)-ROW(전산회선!$E$4)+1/((전산회선!$B$4:$B$1141=$E5)*(전산회선!$F$4:$F$1141=AL5)),1)))} | AL5: =IFERROR(IF(_xlfn.MAXIFS(전산회선!$F$4:$F$1141,전산회선!$B$4:$B$1141,$E5,전산회선!$F$4:$F$1141,"<"&AJ5)=0,"",_xlfn.MAXIFS(전산회선!$F$4:$F$1141,전산회선!$B$4:$B$1141,$E5,전산회선!$F$4:$F$1141,"<"&AJ5)),"") | AM5: {=IF(AN5="","",INDEX(전산회선!$E$4:$E$1141,_xlfn.AGGREGATE(15,6,ROW(전산회선!$E$4:$E$1141)-ROW(전산회선!$E$4)+1/((전산회선!$B$4:$B$1141=$E5)*(전산회선!$F$4:$F$1141=AN5)),1)))} | AN5: =IFERROR(IF(_xlfn.MAXIFS(전산회선!$F$4:$F$1141,전산회선!$B$4:$B$1141,$E5,전산회선!$F$4:$F$1141,"<"&AL5)=0,"",_xlfn.MAXIFS(전산회선!$F$4:$F$1141,전산회선!$B$4:$B$1141,$E5,전산회선!$F$4:$F$1141,"<"&AL5)),"") | AO5: 684540 | AP5: 690433 | AQ5: 688074 | AR5: 643603 | AS5: 659306 | AT5: 774434 | AU5: 780564 | AV5: 787781 | AW5: 782970 | AX5: 766634 | AY5: 756308 | AZ5: 1116406 | BA5: 760921.08 | BB5: =SUM(AO5:AZ5) -> 9131053 | BC5: 0 | BD5: 0 | BE5: 0 | BF5: -36990 | BG5: -29790 | BH5: 91710 | BI5: 91710 | BJ5: 91710 | BK5: 91710 | BL5: 91710 | BM5: 91710 | BN5: 91710 | BO5: 47932.5 | BP5: 575190 | BQ5: =IFERROR(INDEX(피벗!$BL$5:$CH$5,1,MATCH($BR5,INDEX(피벗!$BL:$CH,MATCH($E5,피벗!$BJ:$BJ,0),0),0)),"") -> IoT | BR5: =IFERROR(LARGE(INDEX(피벗!$BL:$CH,MATCH(성장고객!$E5,피벗!$BJ:$BJ,0),0),1),"") -> 575190 | BS5: =IFERROR(BR5/$BB5,"") -> 0.062992735 | BT5: =IFERROR(INDEX(피벗!$BL$5:$CH$5,1,MATCH($BU5,INDEX(피벗!$BL:$CH,MATCH($E5,피벗!$BJ:$BJ,0),0),0)),"") | BU5: =IFERROR(LARGE(INDEX(피벗!$BL:$CH,MATCH(성장고객!$E5,피벗!$BJ:$BJ,0),0),2),"") | BV5: =IFERROR(BU5/$BB5,"") | BW5: =IFERROR(INDEX(피벗!$BL$5:$CH$5,1,MATCH($BX5,INDEX(피벗!$BL:$CH,MATCH($E5,피벗!$BJ:$BJ,0),0),0)),"") | BX5: =IFERROR(LARGE(INDEX(피벗!$BL:$CH,MATCH(성장고객!$E5,피벗!$BJ:$BJ,0),0),3),"") | BY5: =IFERROR(BX5/$BB5,"") | BZ5: =IFERROR(INDEX(피벗!$BL$5:$CH$5,1,MATCH($CA5,INDEX(피벗!$BL:$CH,MATCH($E5,피벗!$BJ:$BJ,0),0),0)),"") | CA5: =IFERROR(LARGE(INDEX(피벗!$BL:$CH,MATCH(성장고객!$E5,피벗!$BJ:$BJ,0),0),4),"") | CB5: =IFERROR(CA5/$BB5,"") | CC5: =IFERROR(INDEX(피벗!$BL$5:$CH$5,1,MATCH($CD5,INDEX(피벗!$BL:$CH,MATCH($E5,피벗!$BJ:$BJ,0),0),0)),"") | CD5: =IFERROR(LARGE(INDEX(피벗!$BL:$CH,MATCH(성장고객!$E5,피벗!$BJ:$BJ,0),0),5),"") | CE5: =IFERROR(CD5/$BB5,"") | CF5: =IFERROR(INDEX(피벗!$CI:$CI,MATCH($E5,피벗!$BJ:$BJ,0)),"") -> 575190 | CG5: =IFERROR(CF5/$BB5,"") -> 0.062992735 | CH5: =IFERROR(INDEX(피벗!$EZ$5:$GE$5,1,MATCH($CI5,INDEX(피벗!$EZ:$GE,MATCH($E5,피벗!$EY:$EY,0),0),0)),"") -> 홈일반전화 | CI5: =IFERROR(LARGE(INDEX(피벗!$EZ:$GE,MATCH(성장고객!$E5,피벗!$EY:$EY,0),0),1),"") -> 3555174 | CJ5: =IFERROR(INDEX(피벗!$EZ$5:$GE$5,1,MATCH($CK5,INDEX(피벗!$EZ:$GE,MATCH($E5,피벗!$EY:$EY,0),0),0)),"") -> GiGA인터넷 | CK5: =IFERROR(LARGE(INDEX(피벗!$EZ:$GE,MATCH(성장고객!$E5,피벗!$EY:$EY,0),0),2),"") -> 1966310 | CL5: =IFERROR(INDEX(피벗!$EZ$5:$GE$5,1,MATCH($CM5,INDEX(피벗!$EZ:$GE,MATCH($E5,피벗!$EY:$EY,0),0),0)),"") -> 기업메시징 | CM5: =IFERROR(LARGE(INDEX(피벗!$EZ:$GE,MATCH(성장고객!$E5,피벗!$EY:$EY,0),0),3),"") -> 1098000 | CN5: =IFERROR(INDEX(피벗!$EZ$5:$GE$5,1,MATCH($CO5,INDEX(피벗!$EZ:$GE,MATCH($E5,피벗!$EY:$EY,0),0),0)),"") -> 홈지능망 | CO5: =IFERROR(LARGE(INDEX(피벗!$EZ:$GE,MATCH(성장고객!$E5,피벗!$EY:$EY,0),0),4),"") -> 780450 | CP5: =IFERROR(INDEX(피벗!$EZ$5:$GE$5,1,MATCH($CQ5,INDEX(피벗!$EZ:$GE,MATCH($E5,피벗!$EY:$EY,0),0),0)),"") -> MeGA인터넷 | CQ5: =IFERROR(LARGE(INDEX(피벗!$EZ:$GE,MATCH(성장고객!$E5,피벗!$EY:$EY,0),0),5),"") -> 581400 | CR5: =IFERROR(INDEX(피벗!$GF:$GF,MATCH($E5,피벗!$EY:$EY,0)),"") -> 9131053
A6: 경북법인고객담당 | B6: 법인고객영업1부 | C6: 법인고객영업1팀 | D6: 권항구 | E6: L0001763305 | F6: 현서면사무소 | G6: 법인가치고객 | H6: 본사 | J6: 5088301826 | K6: 본사 | L6: 정상 | M6: 지자체/공공 | N6: 공공 | O6: Public>공공>정부/관청>면사무소 | P6: 19 | AA6: 0 | AE6: {=IF(AF6="","",INDEX(전산회선!$E$4:$E$1141,_xlfn.AGGREGATE(15,6,ROW(전산회선!$E$4:$E$1141)-ROW(전산회선!$E$4)+1/((전산회선!$B$4:$B$1141=$E6)*(전산회선!$F$4:$F$1141=AF6)),1)))} -> 홈일반전화 | AF6: =IFERROR(IF(_xlfn.MAXIFS(전산회선!$F$4:$F$1141,전산회선!$B$4:$B$1141,$E6)=0,"",_xlfn.MAXIFS(전산회선!$F$4:$F$1141,전산회선!$B$4:$B$1141,$E6)),"") -> 12 | AG6: {=IF(AH6="","",INDEX(전산회선!$E$4:$E$1141,_xlfn.AGGREGATE(15,6,ROW(전산회선!$E$4:$E$1141)-ROW(전산회선!$E$4)+1/((전산회선!$B$4:$B$1141=$E6)*(전산회선!$F$4:$F$1141=AH6)),1)))} -> 홈인터넷전화 | AH6: =IFERROR(IF(_xlfn.MAXIFS(전산회선!$F$4:$F$1141,전산회선!$B$4:$B$1141,$E6,전산회선!$F$4:$F$1141,"<"&AF6)=0,"",_xlfn.MAXIFS(전산회선!$F$4:$F$1141,전산회선!$B$4:$B$1141,$E6,전산회선!$F$4:$F$1141,"<"&AF6)),"") -> 3 | AI6: {=IF(AJ6="","",INDEX(전산회선!$E$4:$E$1141,_xlfn.AGGREGATE(15,6,ROW(전산회선!$E$4:$E$1141)-ROW(전산회선!$E$4)+1/((전산회선!$B$4:$B$1141=$E6)*(전산회선!$F$4:$F$1141=AJ6)),1)))} -> MeGA인터넷 | AJ6: =IFERROR(IF(_xlfn.MAXIFS(전산회선!$F$4:$F$1141,전산회선!$B$4:$B$1141,$E6,전산회선!$F$4:$F$1141,"<"&AH6)=0,"",_xlfn.MAXIFS(전산회선!$F$4:$F$1141,전산회선!$B$4:$B$1141,$E6,전산회선!$F$4:$F$1141,"<"&AH6)),"") -> 2 | AK6: {=IF(AL6="","",INDEX(전산회선!$E$4:$E$1141,_xlfn.AGGREGATE(15,6,ROW(전산회선!$E$4:$E$1141)-ROW(전산회선!$E$4)+1/((전산회선!$B$4:$B$1141=$E6)*(전산회선!$F$4:$F$1141=AL6)),1)))} -> GTV | AL6: =IFERROR(IF(_xlfn.MAXIFS(전산회선!$F$4:$F$1141,전산회선!$B$4:$B$1141,$E6,전산회선!$F$4:$F$1141,"<"&AJ6)=0,"",_xlfn.MAXIFS(전산회선!$F$4:$F$1141,전산회선!$B$4:$B$1141,$E6,전산회선!$F$4:$F$1141,"<"&AJ6)),"") -> 1 | AM6: {=IF(AN6="","",INDEX(전산회선!$E$4:$E$1141,_xlfn.AGGREGATE(15,6,ROW(전산회선!$E$4:$E$1141)-ROW(전산회선!$E$4)+1/((전산회선!$B$4:$B$1141=$E6)*(전산회선!$F$4:$F$1141=AN6)),1)))} | AN6: =IFERROR(IF(_xlfn.MAXIFS(전산회선!$F$4:$F$1141,전산회선!$B$4:$B$1141,$E6,전산회선!$F$4:$F$1141,"<"&AL6)=0,"",_xlfn.MAXIFS(전산회선!$F$4:$F$1141,전산회선!$B$4:$B$1141,$E6,전산회선!$F$4:$F$1141,"<"&AL6)),"") | AO6: 143535 | AP6: 143927 | AQ6: 142879 | AR6: 141752 | AS6: 142487 | AT6: 143467 | AU6: 142629 | AV6: 143000 | AW6: 144337 | AX6: 144147 | AY6: 143733 | AZ6: 145210 | BA6: 143425.25 | BB6: =SUM(AO6:AZ6) -> 1721103 | BC6: 0 | BD6: 0 | BE6: 0 | BF6: 0 | BG6: 0 | BH6: 0 | BI6: 0 | BJ6: 0 | BK6: 0 | BL6: 0 | BM6: 0 | BN6: 0 | BO6: 0 | BP6: 0 | BQ6: =IFERROR(INDEX(피벗!$BL$5:$CH$5,1,MATCH($BR6,INDEX(피벗!$BL:$CH,MATCH($E6,피벗!$BJ:$BJ,0),0),0)),"") | BR6: =IFERROR(LARGE(INDEX(피벗!$BL:$CH,MATCH(성장고객!$E6,피벗!$BJ:$BJ,0),0),1),"") | BS6: =IFERROR(BR6/$BB6,"") | BT6: =IFERROR(INDEX(피벗!$BL$5:$CH$5,1,MATCH($BU6,INDEX(피벗!$BL:$CH,MATCH($E6,피벗!$BJ:$BJ,0),0),0)),"") | BU6: =IFERROR(LARGE(INDEX(피벗!$BL:$CH,MATCH(성장고객!$E6,피벗!$BJ:$BJ,0),0),2),"") | BV6: =IFERROR(BU6/$BB6,"") | BW6: =IFERROR(INDEX(피벗!$BL$5:$CH$5,1,MATCH($BX6,INDEX(피벗!$BL:$CH,MATCH($E6,피벗!$BJ:$BJ,0),0),0)),"") | BX6: =IFERROR(LARGE(INDEX(피벗!$BL:$CH,MATCH(성장고객!$E6,피벗!$BJ:$BJ,0),0),3),"") | BY6: =IFERROR(BX6/$BB6,"") | BZ6: =IFERROR(INDEX(피벗!$BL$5:$CH$5,1,MATCH($CA6,INDEX(피벗!$BL:$CH,MATCH($E6,피벗!$BJ:$BJ,0),0),0)),"") | CA6: =IFERROR(LARGE(INDEX(피벗!$BL:$CH,MATCH(성장고객!$E6,피벗!$BJ:$BJ,0),0),4),"") | CB6: =IFERROR(CA6/$BB6,"") | CC6: =IFERROR(INDEX(피벗!$BL$5:$CH$5,1,MATCH($CD6,INDEX(피벗!$BL:$CH,MATCH($E6,피벗!$BJ:$BJ,0),0),0)),"") | CD6: =IFERROR(LARGE(INDEX(피벗!$BL:$CH,MATCH(성장고객!$E6,피벗!$BJ:$BJ,0),0),5),"") | CE6: =IFERROR(CD6/$BB6,"") | CF6: =IFERROR(INDEX(피벗!$CI:$CI,MATCH($E6,피벗!$BJ:$BJ,0)),"") | CG6: =IFERROR(CF6/$BB6,"") | CH6: =IFERROR(INDEX(피벗!$EZ$5:$GE$5,1,MATCH($CI6,INDEX(피벗!$EZ:$GE,MATCH($E6,피벗!$EY:$EY,0),0),0)),"") -> 홈일반전화 | CI6: =IFERROR(LARGE(INDEX(피벗!$EZ:$GE,MATCH(성장고객!$E6,피벗!$EY:$EY,0),0),1),"") -> 605167 | CJ6: =IFERROR(INDEX(피벗!$EZ$5:$GE$5,1,MATCH($CK6,INDEX(피벗!$EZ:$GE,MATCH($E6,피벗!$EY:$EY,0),0),0)),"") -> MeGA인터넷 | CK6: =IFERROR(LARGE(INDEX(피벗!$EZ:$GE,MATCH(성장고객!$E6,피벗!$EY:$EY,0),0),2),"") -> 480000 | CL6: =IFERROR(INDEX(피벗!$EZ$5:$GE$5,1,MATCH($CM6,INDEX(피벗!$EZ:$GE,MATCH($E6,피벗!$EY:$EY,0),0),0)),"") -> GiGA인터넷 | CM6: =IFERROR(LARGE(INDEX(피벗!$EZ:$GE,MATCH(성장고객!$E6,피벗!$EY:$EY,0),0),3),"") -> 306000 | CN6: =IFERROR(INDEX(피벗!$EZ$5:$GE$5,1,MATCH($CO6,INDEX(피벗!$EZ:$GE,MATCH($E6,피벗!$EY:$EY,0),0),0)),"") -> GTV | CO6: =IFERROR(LARGE(INDEX(피벗!$EZ:$GE,MATCH(성장고객!$E6,피벗!$EY:$EY,0),0),4),"") -> 120000 | CP6: =IFERROR(INDEX(피벗!$EZ$5:$GE$5,1,MATCH($CQ6,INDEX(피벗!$EZ:$GE,MATCH($E6,피벗!$EY:$EY,0),0),0)),"") -> 홈지능망 | CQ6: =IFERROR(LARGE(INDEX(피벗!$EZ:$GE,MATCH(성장고객!$E6,피벗!$EY:$EY,0),0),5),"") -> 93280 | CR6: =IFERROR(INDEX(피벗!$GF:$GF,MATCH($E6,피벗!$EY:$EY,0)),"") -> 1721103
A7: 경북법인고객담당 | B7: 법인고객영업1부 | C7: 법인고객영업1팀 | D7: 권항구 | E7: L0000223181 | F7: 현서농업협동조합 | G7: 법인가치고객 | H7: 본사 | I7: 1744360000123 | J7: 5088200586 | K7: 본사 | L7: 정상 | M7: 금융 | N7: 공통 | O7: Retail/Service>도소매>자동차관련 판매>주유소 | P7: 22 | Q7: 판단제외대상 | R7: 조합 | S7: 신규설립(개업) | T7: 정상 | U7: 경북 청송군 현서면 | V7: 구산리 100-6번지 | Y7: 경북 청송군 현서면 구산북로 | Z7: 63 (구산리,농협하나로마트) | AA7: 26 | AC7: 산업 단체 | AE7: {=IF(AF7="","",INDEX(전산회선!$E$4:$E$1141,_xlfn.AGGREGATE(15,6,ROW(전산회선!$E$4:$E$1141)-ROW(전산회선!$E$4)+1/((전산회선!$B$4:$B$1141=$E7)*(전산회선!$F$4:$F$1141=AF7)),1)))} -> 홈일반전화 | AF7: =IFERROR(IF(_xlfn.MAXIFS(전산회선!$F$4:$F$1141,전산회선!$B$4:$B$1141,$E7)=0,"",_xlfn.MAXIFS(전산회선!$F$4:$F$1141,전산회선!$B$4:$B$1141,$E7)),"") -> 16 | AG7: {=IF(AH7="","",INDEX(전산회선!$E$4:$E$1141,_xlfn.AGGREGATE(15,6,ROW(전산회선!$E$4:$E$1141)-ROW(전산회선!$E$4)+1/((전산회선!$B$4:$B$1141=$E7)*(전산회선!$F$4:$F$1141=AH7)),1)))} -> 기업인터넷전화 | AH7: =IFERROR(IF(_xlfn.MAXIFS(전산회선!$F$4:$F$1141,전산회선!$B$4:$B$1141,$E7,전산회선!$F$4:$F$1141,"<"&AF7)=0,"",_xlfn.MAXIFS(전산회선!$F$4:$F$1141,전산회선!$B$4:$B$1141,$E7,전산회선!$F$4:$F$1141,"<"&AF7)),"") -> 4 | AI7: {=IF(AJ7="","",INDEX(전산회선!$E$4:$E$1141,_xlfn.AGGREGATE(15,6,ROW(전산회선!$E$4:$E$1141)-ROW(전산회선!$E$4)+1/((전산회선!$B$4:$B$1141=$E7)*(전산회선!$F$4:$F$1141=AJ7)),1)))} -> MeGA인터넷 | AJ7: =IFERROR(IF(_xlfn.MAXIFS(전산회선!$F$4:$F$1141,전산회선!$B$4:$B$1141,$E7,전산회선!$F$4:$F$1141,"<"&AH7)=0,"",_xlfn.MAXIFS(전산회선!$F$4:$F$1141,전산회선!$B$4:$B$1141,$E7,전산회선!$F$4:$F$1141,"<"&AH7)),"") -> 2 | AK7: {=IF(AL7="","",INDEX(전산회선!$E$4:$E$1141,_xlfn.AGGREGATE(15,6,ROW(전산회선!$E$4:$E$1141)-ROW(전산회선!$E$4)+1/((전산회선!$B$4:$B$1141=$E7)*(전산회선!$F$4:$F$1141=AL7)),1)))} | AL7: =IFERROR(IF(_xlfn.MAXIFS(전산회선!$F$4:$F$1141,전산회선!$B$4:$B$1141,$E7,전산회선!$F$4:$F$1141,"<"&AJ7)=0,"",_xlfn.MAXIFS(전산회선!$F$4:$F$1141,전산회선!$B$4:$B$1141,$E7,전산회선!$F$4:$F$1141,"<"&AJ7)),"") | AM7: {=IF(AN7="","",INDEX(전산회선!$E$4:$E$1141,_xlfn.AGGREGATE(15,6,ROW(전산회선!$E$4:$E$1141)-ROW(전산회선!$E$4)+1/((전산회선!$B$4:$B$1141=$E7)*(전산회선!$F$4:$F$1141=AN7)),1)))} | AN7: =IFERROR(IF(_xlfn.MAXIFS(전산회선!$F$4:$F$1141,전산회선!$B$4:$B$1141,$E7,전산회선!$F$4:$F$1141,"<"&AL7)=0,"",_xlfn.MAXIFS(전산회선!$F$4:$F$1141,전산회선!$B$4:$B$1141,$E7,전산회선!$F$4:$F$1141,"<"&AL7)),"") | AO7: 201409 | AP7: 203623 | AQ7: 205937 | AR7: 214853 | AS7: 190451 | AT7: 190357 | AU7: 195159 | AV7: 188825 | AW7: 240281 | AX7: 202189 | AY7: 202617 | AZ7: 205454 | BA7: 203429.58 | BB7: =SUM(AO7:AZ7) -> 2441155 | BC7: 0 | BD7: 0 | BE7: 0 | BF7: 0 | BG7: 0 | BH7: 0 | BI7: 0 | BJ7: 0 | BK7: 43517 | BL7: 11560 | BM7: 11560 | BN7: 12073 | BO7: 6559.1667 | BP7: 78710 | BQ7: =IFERROR(INDEX(피벗!$BL$5:$CH$5,1,MATCH($BR7,INDEX(피벗!$BL:$CH,MATCH($E7,피벗!$BJ:$BJ,0),0),0)),"") -> 홈일반전화 | BR7: =IFERROR(LARGE(INDEX(피벗!$BL:$CH,MATCH(성장고객!$E7,피벗!$BJ:$BJ,0),0),1),"") -> 63920.47 | BS7: =IFERROR(BR7/$BB7,"") -> 0.026184519 | BT7: =IFERROR(INDEX(피벗!$BL$5:$CH$5,1,MATCH($BU7,INDEX(피벗!$BL:$CH,MATCH($E7,피벗!$BJ:$BJ,0),0),0)),"") -> 홈지능망 | BU7: =IFERROR(LARGE(INDEX(피벗!$BL:$CH,MATCH(성장고객!$E7,피벗!$BJ:$BJ,0),0),2),"") -> 14789.53 | BV7: =IFERROR(BU7/$BB7,"") -> 0.006058415 | BW7: =IFERROR(INDEX(피벗!$BL$5:$CH$5,1,MATCH($BX7,INDEX(피벗!$BL:$CH,MATCH($E7,피벗!$BJ:$BJ,0),0),0)),"") -> AI기업지능망 | BX7: =IFERROR(LARGE(INDEX(피벗!$BL:$CH,MATCH(성장고객!$E7,피벗!$BJ:$BJ,0),0),3),"") -> 0 | BY7: =IFERROR(BX7/$BB7,"") -> 0 | BZ7: =IFERROR(INDEX(피벗!$BL$5:$CH$5,1,MATCH($CA7,INDEX(피벗!$BL:$CH,MATCH($E7,피벗!$BJ:$BJ,0),0),0)),"") | CA7: =IFERROR(LARGE(INDEX(피벗!$BL:$CH,MATCH(성장고객!$E7,피벗!$BJ:$BJ,0),0),4),"") | CB7: =IFERROR(CA7/$BB7,"") | CC7: =IFERROR(INDEX(피벗!$BL$5:$CH$5,1,MATCH($CD7,INDEX(피벗!$BL:$CH,MATCH($E7,피벗!$BJ:$BJ,0),0),0)),"") | CD7: =IFERROR(LARGE(INDEX(피벗!$BL:$CH,MATCH(성장고객!$E7,피벗!$BJ:$BJ,0),0),5),"") | CE7: =IFERROR(CD7/$BB7,"") | CF7: =IFERROR(INDEX(피벗!$CI:$CI,MATCH($E7,피벗!$BJ:$BJ,0)),"") -> 78710 | CG7: =IFERROR(CF7/$BB7,"") -> 0.032242934 | CH7: =IFERROR(INDEX(피벗!$EZ$5:$GE$5,1,MATCH($CI7,INDEX(피벗!$EZ:$GE,MATCH($E7,피벗!$EY:$EY,0),0),0)),"") -> 홈일반전화 | CI7: =IFERROR(LARGE(INDEX(피벗!$EZ:$GE,MATCH(성장고객!$E7,피벗!$EY:$EY,0),0),1),"") -> 1073602.5 | CJ7: =IFERROR(INDEX(피벗!$EZ$5:$GE$5,1,MATCH($CK7,INDEX(피벗!$EZ:$GE,MATCH($E7,피벗!$EY:$EY,0),0),0)),"") -> MeGA인터넷 | CK7: =IFERROR(LARGE(INDEX(피벗!$EZ:$GE,MATCH(성장고객!$E7,피벗!$EY:$EY,0),0),2),"") -> 484420 | CL7: =IFERROR(INDEX(피벗!$EZ$5:$GE$5,1,MATCH($CM7,INDEX(피벗!$EZ:$GE,MATCH($E7,피벗!$EY:$EY,0),0),0)),"") -> 홈지능망 | CM7: =IFERROR(LARGE(INDEX(피벗!$EZ:$GE,MATCH(성장고객!$E7,피벗!$EY:$EY,0),0),3),"") -> 296789.53 | CN7: =IFERROR(INDEX(피벗!$EZ$5:$GE$5,1,MATCH($CO7,INDEX(피벗!$EZ:$GE,MATCH($E7,피벗!$EY:$EY,0),0),0)),"") -> 기업인터넷전화 | CO7: =IFERROR(LARGE(INDEX(피벗!$EZ:$GE,MATCH(성장고객!$E7,피벗!$EY:$EY,0),0),4),"") -> 281669 | CP7: =IFERROR(INDEX(피벗!$EZ$5:$GE$5,1,MATCH($CQ7,INDEX(피벗!$EZ:$GE,MATCH($E7,피벗!$EY:$EY,0),0),0)),"") -> 기업메시징 | CQ7: =IFERROR(LARGE(INDEX(피벗!$EZ:$GE,MATCH(성장고객!$E7,피벗!$EY:$EY,0),0),5),"") -> 256650 | CR7: =IFERROR(INDEX(피벗!$GF:$GF,MATCH($E7,피벗!$EY:$EY,0)),"") -> 2441155
A8: 경북법인고객담당 | B8: 법인고객영업2부 | C8: 법인고객영업2팀 | D8: 오다영 | E8: 0D99FI5JM5G | F8: 현대피엔에스(주) | G8: 법인가치고객 | H8: 본사 | K8: 본사 | L8: 정상 | M8: 제조업 | N8: 기업 | P8: 1 | Q8: 중견기업 | R8: 주식회사 | S8: 신규설립(개업) | T8: 정상 | U8: 서울 강남구 삼성1동 | V8: 157-37번지 위워크빌딩 16층 | Y8: 서울 강남구 테헤란로 | Z8: 507, 16층 (삼성동,위워크빌딩) | AA8: 45 | AB8: A- | AC8: 그외 기타 일반목적용 기계 제조업 | AD8: 제조업 | AE8: {=IF(AF8="","",INDEX(전산회선!$E$4:$E$1141,_xlfn.AGGREGATE(15,6,ROW(전산회선!$E$4:$E$1141)-ROW(전산회선!$E$4)+1/((전산회선!$B$4:$B$1141=$E8)*(전산회선!$F$4:$F$1141=AF8)),1)))} | AF8: =IFERROR(IF(_xlfn.MAXIFS(전산회선!$F$4:$F$1141,전산회선!$B$4:$B$1141,$E8)=0,"",_xlfn.MAXIFS(전산회선!$F$4:$F$1141,전산회선!$B$4:$B$1141,$E8)),"") | AG8: {=IF(AH8="","",INDEX(전산회선!$E$4:$E$1141,_xlfn.AGGREGATE(15,6,ROW(전산회선!$E$4:$E$1141)-ROW(전산회선!$E$4)+1/((전산회선!$B$4:$B$1141=$E8)*(전산회선!$F$4:$F$1141=AH8)),1)))} | AH8: =IFERROR(IF(_xlfn.MAXIFS(전산회선!$F$4:$F$1141,전산회선!$B$4:$B$1141,$E8,전산회선!$F$4:$F$1141,"<"&AF8)=0,"",_xlfn.MAXIFS(전산회선!$F$4:$F$1141,전산회선!$B$4:$B$1141,$E8,전산회선!$F$4:$F$1141,"<"&AF8)),"") | AI8: {=IF(AJ8="","",INDEX(전산회선!$E$4:$E$1141,_xlfn.AGGREGATE(15,6,ROW(전산회선!$E$4:$E$1141)-ROW(전산회선!$E$4)+1/((전산회선!$B$4:$B$1141=$E8)*(전산회선!$F$4:$F$1141=AJ8)),1)))} | AJ8: =IFERROR(IF(_xlfn.MAXIFS(전산회선!$F$4:$F$1141,전산회선!$B$4:$B$1141,$E8,전산회선!$F$4:$F$1141,"<"&AH8)=0,"",_xlfn.MAXIFS(전산회선!$F$4:$F$1141,전산회선!$B$4:$B$1141,$E8,전산회선!$F$4:$F$1141,"<"&AH8)),"") | AK8: {=IF(AL8="","",INDEX(전산회선!$E$4:$E$1141,_xlfn.AGGREGATE(15,6,ROW(전산회선!$E$4:$E$1141)-ROW(전산회선!$E$4)+1/((전산회선!$B$4:$B$1141=$E8)*(전산회선!$F$4:$F$1141=AL8)),1)))} | AL8: =IFERROR(IF(_xlfn.MAXIFS(전산회선!$F$4:$F$1141,전산회선!$B$4:$B$1141,$E8,전산회선!$F$4:$F$1141,"<"&AJ8)=0,"",_xlfn.MAXIFS(전산회선!$F$4:$F$1141,전산회선!$B$4:$B$1141,$E8,전산회선!$F$4:$F$1141,"<"&AJ8)),"") | AM8: {=IF(AN8="","",INDEX(전산회선!$E$4:$E$1141,_xlfn.AGGREGATE(15,6,ROW(전산회선!$E$4:$E$1141)-ROW(전산회선!$E$4)+1/((전산회선!$B$4:$B$1141=$E8)*(전산회선!$F$4:$F$1141=AN8)),1)))} | AN8: =IFERROR(IF(_xlfn.MAXIFS(전산회선!$F$4:$F$1141,전산회선!$B$4:$B$1141,$E8,전산회선!$F$4:$F$1141,"<"&AL8)=0,"",_xlfn.MAXIFS(전산회선!$F$4:$F$1141,전산회선!$B$4:$B$1141,$E8,전산회선!$F$4:$F$1141,"<"&AL8)),"") | AO8: 5830 | AP8: 5830 | AQ8: 5830 | AR8: 5830 | AS8: 5830 | AT8: 5830 | AU8: 5830 | AV8: 7030 | AW8: 7030 | AX8: 7030 | AY8: 0 | AZ8: 0 | BA8: 5158.3333 | BB8: =SUM(AO8:AZ8) -> 61900 | BC8: 0 | BD8: 0 | BE8: 0 | BF8: 0 | BG8: 0 | BH8: 0 | BI8: 0 | BJ8: 0 | BK8: 0 | BL8: 0 | BM8: 0 | BN8: 0 | BO8: 0 | BP8: 0 | BQ8: =IFERROR(INDEX(피벗!$BL$5:$CH$5,1,MATCH($BR8,INDEX(피벗!$BL:$CH,MATCH($E8,피벗!$BJ:$BJ,0),0),0)),"") | BR8: =IFERROR(LARGE(INDEX(피벗!$BL:$CH,MATCH(성장고객!$E8,피벗!$BJ:$BJ,0),0),1),"") | BS8: =IFERROR(BR8/$BB8,"") | BT8: =IFERROR(INDEX(피벗!$BL$5:$CH$5,1,MATCH($BU8,INDEX(피벗!$BL:$CH,MATCH($E8,피벗!$BJ:$BJ,0),0),0)),"") | BU8: =IFERROR(LARGE(INDEX(피벗!$BL:$CH,MATCH(성장고객!$E8,피벗!$BJ:$BJ,0),0),2),"") | BV8: =IFERROR(BU8/$BB8,"") | BW8: =IFERROR(INDEX(피벗!$BL$5:$CH$5,1,MATCH($BX8,INDEX(피벗!$BL:$CH,MATCH($E8,피벗!$BJ:$BJ,0),0),0)),"") | BX8: =IFERROR(LARGE(INDEX(피벗!$BL:$CH,MATCH(성장고객!$E8,피벗!$BJ:$BJ,0),0),3),"") | BY8: =IFERROR(BX8/$BB8,"") | BZ8: =IFERROR(INDEX(피벗!$BL$5:$CH$5,1,MATCH($CA8,INDEX(피벗!$BL:$CH,MATCH($E8,피벗!$BJ:$BJ,0),0),0)),"") | CA8: =IFERROR(LARGE(INDEX(피벗!$BL:$CH,MATCH(성장고객!$E8,피벗!$BJ:$BJ,0),0),4),"") | CB8: =IFERROR(CA8/$BB8,"") | CC8: =IFERROR(INDEX(피벗!$BL$5:$CH$5,1,MATCH($CD8,INDEX(피벗!$BL:$CH,MATCH($E8,피벗!$BJ:$BJ,0),0),0)),"") | CD8: =IFERROR(LARGE(INDEX(피벗!$BL:$CH,MATCH(성장고객!$E8,피벗!$BJ:$BJ,0),0),5),"") | CE8: =IFERROR(CD8/$BB8,"") | CF8: =IFERROR(INDEX(피벗!$CI:$CI,MATCH($E8,피벗!$BJ:$BJ,0)),"") | CG8: =IFERROR(CF8/$BB8,"") | CH8: =IFERROR(INDEX(피벗!$EZ$5:$GE$5,1,MATCH($CI8,INDEX(피벗!$EZ:$GE,MATCH($E8,피벗!$EY:$EY,0),0),0)),"") -> 기업메시징 | CI8: =IFERROR(LARGE(INDEX(피벗!$EZ:$GE,MATCH(성장고객!$E8,피벗!$EY:$EY,0),0),1),"") -> 61900 | CJ8: =IFERROR(INDEX(피벗!$EZ$5:$GE$5,1,MATCH($CK8,INDEX(피벗!$EZ:$GE,MATCH($E8,피벗!$EY:$EY,0),0),0)),"") | CK8: =IFERROR(LARGE(INDEX(피벗!$EZ:$GE,MATCH(성장고객!$E8,피벗!$EY:$EY,0),0),2),"") | CL8: =IFERROR(INDEX(피벗!$EZ$5:$GE$5,1,MATCH($CM8,INDEX(피벗!$EZ:$GE,MATCH($E8,피벗!$EY:$EY,0),0),0)),"") | CM8: =IFERROR(LARGE(INDEX(피벗!$EZ:$GE,MATCH(성장고객!$E8,피벗!$EY:$EY,0),0),3),"") | CN8: =IFERROR(INDEX(피벗!$EZ$5:$GE$5,1,MATCH($CO8,INDEX(피벗!$EZ:$GE,MATCH($E8,피벗!$EY:$EY,0),0),0)),"") | CO8: =IFERROR(LARGE(INDEX(피벗!$EZ:$GE,MATCH(성장고객!$E8,피벗!$EY:$EY,0),0),4),"") | CP8: =IFERROR(INDEX(피벗!$EZ$5:$GE$5,1,MATCH($CQ8,INDEX(피벗!$EZ:$GE,MATCH($E8,피벗!$EY:$EY,0),0),0)),"") | CQ8: =IFERROR(LARGE(INDEX(피벗!$EZ:$GE,MATCH(성장고객!$E8,피벗!$EY:$EY,0),0),5),"") | CR8: =IFERROR(INDEX(피벗!$GF:$GF,MATCH($E8,피벗!$EY:$EY,0)),"") -> 61900
A9: 경북법인고객담당 | B9: 법인고객영업3부 | C9: 법인고객영업1팀 | D9: 황현철 | E9: L0000025091 | F9: 해평단위농업협동조합 | G9: 핵심고객 | H9: 본사 | I9: 1753360000116 | J9: 5138206374 | K9: 본사 | L9: 정상 | M9: 금융 | N9: 공통 | O9: Finance>금융>은행>농협 | P9: 1 | Q9: 판단제외대상 | R9: 조합 | S9: 신규설립(개업) | T9: 정상 | U9: 경북 구미시 해평면 | V9: 낙성리 58-3번지 | W9: 054 474 4205 | X9: 농협, 금융, 도매 | Y9: 경북 구미시 해평면 해평시장1길 | Z9: 6 (낙성리) | AA9: 45 | AB9: BBB- | AC9: 신용조합 | AD9: 제조업 | AE9: {=IF(AF9="","",INDEX(전산회선!$E$4:$E$1141,_xlfn.AGGREGATE(15,6,ROW(전산회선!$E$4:$E$1141)-ROW(전산회선!$E$4)+1/((전산회선!$B$4:$B$1141=$E9)*(전산회선!$F$4:$F$1141=AF9)),1)))} -> MeGA인터넷 | AF9: =IFERROR(IF(_xlfn.MAXIFS(전산회선!$F$4:$F$1141,전산회선!$B$4:$B$1141,$E9)=0,"",_xlfn.MAXIFS(전산회선!$F$4:$F$1141,전산회선!$B$4:$B$1141,$E9)),"") -> 1 | AG9: {=IF(AH9="","",INDEX(전산회선!$E$4:$E$1141,_xlfn.AGGREGATE(15,6,ROW(전산회선!$E$4:$E$1141)-ROW(전산회선!$E$4)+1/((전산회선!$B$4:$B$1141=$E9)*(전산회선!$F$4:$F$1141=AH9)),1)))} | AH9: =IFERROR(IF(_xlfn.MAXIFS(전산회선!$F$4:$F$1141,전산회선!$B$4:$B$1141,$E9,전산회선!$F$4:$F$1141,"<"&AF9)=0,"",_xlfn.MAXIFS(전산회선!$F$4:$F$1141,전산회선!$B$4:$B$1141,$E9,전산회선!$F$4:$F$1141,"<"&AF9)),"") | AI9: {=IF(AJ9="","",INDEX(전산회선!$E$4:$E$1141,_xlfn.AGGREGATE(15,6,ROW(전산회선!$E$4:$E$1141)-ROW(전산회선!$E$4)+1/((전산회선!$B$4:$B$1141=$E9)*(전산회선!$F$4:$F$1141=AJ9)),1)))} | AJ9: =IFERROR(IF(_xlfn.MAXIFS(전산회선!$F$4:$F$1141,전산회선!$B$4:$B$1141,$E9,전산회선!$F$4:$F$1141,"<"&AH9)=0,"",_xlfn.MAXIFS(전산회선!$F$4:$F$1141,전산회선!$B$4:$B$1141,$E9,전산회선!$F$4:$F$1141,"<"&AH9)),"") | AK9: {=IF(AL9="","",INDEX(전산회선!$E$4:$E$1141,_xlfn.AGGREGATE(15,6,ROW(전산회선!$E$4:$E$1141)-ROW(전산회선!$E$4)+1/((전산회선!$B$4:$B$1141=$E9)*(전산회선!$F$4:$F$1141=AL9)),1)))} | AL9: =IFERROR(IF(_xlfn.MAXIFS(전산회선!$F$4:$F$1141,전산회선!$B$4:$B$1141,$E9,전산회선!$F$4:$F$1141,"<"&AJ9)=0,"",_xlfn.MAXIFS(전산회선!$F$4:$F$1141,전산회선!$B$4:$B$1141,$E9,전산회선!$F$4:$F$1141,"<"&AJ9)),"") | AM9: {=IF(AN9="","",INDEX(전산회선!$E$4:$E$1141,_xlfn.AGGREGATE(15,6,ROW(전산회선!$E$4:$E$1141)-ROW(전산회선!$E$4)+1/((전산회선!$B$4:$B$1141=$E9)*(전산회선!$F$4:$F$1141=AN9)),1)))} | AN9: =IFERROR(IF(_xlfn.MAXIFS(전산회선!$F$4:$F$1141,전산회선!$B$4:$B$1141,$E9,전산회선!$F$4:$F$1141,"<"&AL9)=0,"",_xlfn.MAXIFS(전산회선!$F$4:$F$1141,전산회선!$B$4:$B$1141,$E9,전산회선!$F$4:$F$1141,"<"&AL9)),"") | AO9: 20962 | AP9: 20962 | AQ9: 20962 | AR9: 20962 | AS9: 20962 | AT9: 20962 | AU9: 20962 | AV9: 20962 | AW9: 20962 | AX9: 20962 | AY9: 20962 | AZ9: 20962 | BA9: 20962 | BB9: =SUM(AO9:AZ9) -> 251544 | BC9: 0 | BD9: 0 | BE9: 0 | BF9: 0 | BG9: 0 | BH9: 0 | BI9: 0 | BJ9: 0 | BK9: 0 | BL9: 0 | BM9: 0 | BN9: 0 | BO9: 0 | BP9: 0 | BQ9: =IFERROR(INDEX(피벗!$BL$5:$CH$5,1,MATCH($BR9,INDEX(피벗!$BL:$CH,MATCH($E9,피벗!$BJ:$BJ,0),0),0)),"") | BR9: =IFERROR(LARGE(INDEX(피벗!$BL:$CH,MATCH(성장고객!$E9,피벗!$BJ:$BJ,0),0),1),"") | BS9: =IFERROR(BR9/$BB9,"") | BT9: =IFERROR(INDEX(피벗!$BL$5:$CH$5,1,MATCH($BU9,INDEX(피벗!$BL:$CH,MATCH($E9,피벗!$BJ:$BJ,0),0),0)),"") | BU9: =IFERROR(LARGE(INDEX(피벗!$BL:$CH,MATCH(성장고객!$E9,피벗!$BJ:$BJ,0),0),2),"") | BV9: =IFERROR(BU9/$BB9,"") | BW9: =IFERROR(INDEX(피벗!$BL$5:$CH$5,1,MATCH($BX9,INDEX(피벗!$BL:$CH,MATCH($E9,피벗!$BJ:$BJ,0),0),0)),"") | BX9: =IFERROR(LARGE(INDEX(피벗!$BL:$CH,MATCH(성장고객!$E9,피벗!$BJ:$BJ,0),0),3),"") | BY9: =IFERROR(BX9/$BB9,"") | BZ9: =IFERROR(INDEX(피벗!$BL$5:$CH$5,1,MATCH($CA9,INDEX(피벗!$BL:$CH,MATCH($E9,피벗!$BJ:$BJ,0),0),0)),"") | CA9: =IFERROR(LARGE(INDEX(피벗!$BL:$CH,MATCH(성장고객!$E9,피벗!$BJ:$BJ,0),0),4),"") | CB9: =IFERROR(CA9/$BB9,"") | CC9: =IFERROR(INDEX(피벗!$BL$5:$CH$5,1,MATCH($CD9,INDEX(피벗!$BL:$CH,MATCH($E9,피벗!$BJ:$BJ,0),0),0)),"") | CD9: =IFERROR(LARGE(INDEX(피벗!$BL:$CH,MATCH(성장고객!$E9,피벗!$BJ:$BJ,0),0),5),"") | CE9: =IFERROR(CD9/$BB9,"") | CF9: =IFERROR(INDEX(피벗!$CI:$CI,MATCH($E9,피벗!$BJ:$BJ,0)),"") | CG9: =IFERROR(CF9/$BB9,"") | CH9: =IFERROR(INDEX(피벗!$EZ$5:$GE$5,1,MATCH($CI9,INDEX(피벗!$EZ:$GE,MATCH($E9,피벗!$EY:$EY,0),0),0)),"") -> MeGA인터넷 | CI9: =IFERROR(LARGE(INDEX(피벗!$EZ:$GE,MATCH(성장고객!$E9,피벗!$EY:$EY,0),0),1),"") -> 251544 | CJ9: =IFERROR(INDEX(피벗!$EZ$5:$GE$5,1,MATCH($CK9,INDEX(피벗!$EZ:$GE,MATCH($E9,피벗!$EY:$EY,0),0),0)),"") | CK9: =IFERROR(LARGE(INDEX(피벗!$EZ:$GE,MATCH(성장고객!$E9,피벗!$EY:$EY,0),0),2),"") | CL9: =IFERROR(INDEX(피벗!$EZ$5:$GE$5,1,MATCH($CM9,INDEX(피벗!$EZ:$GE,MATCH($E9,피벗!$EY:$EY,0),0),0)),"") | CM9: =IFERROR(LARGE(INDEX(피벗!$EZ:$GE,MATCH(성장고객!$E9,피벗!$EY:$EY,0),0),3),"") | CN9: =IFERROR(INDEX(피벗!$EZ$5:$GE$5,1,MATCH($CO9,INDEX(피벗!$EZ:$GE,MATCH($E9,피벗!$EY:$EY,0),0),0)),"") | CO9: =IFERROR(LARGE(INDEX(피벗!$EZ:$GE,MATCH(성장고객!$E9,피벗!$EY:$EY,0),0),4),"") | CP9: =IFERROR(INDEX(피벗!$EZ$5:$GE$5,1,MATCH($CQ9,INDEX(피벗!$EZ:$GE,MATCH($E9,피벗!$EY:$EY,0),0),0)),"") | CQ9: =IFERROR(LARGE(INDEX(피벗!$EZ:$GE,MATCH(성장고객!$E9,피벗!$EY:$EY,0),0),5),"") | CR9: =IFERROR(INDEX(피벗!$GF:$GF,MATCH($E9,피벗!$EY:$EY,0)),"") -> 251544
A10: 경북법인고객담당 | B10: 법인고객영업3부 | C10: 법인고객영업2팀 | D10: 박종섭 | E10: L0000010808 | F10: 한보전설주식회사 | G10: 핵심고객 | H10: 본사 | I10: 1760110027761 | J10: 5138124583 | K10: 사업장 | L10: 정상 | M10: 건설업 | N10: 건설/호텔 | O10: Manufacture>중공업>건설>건물건설-종합 | P10: 22 | Q10: 중기업 | R10: 주식회사 | S10: 신규설립(개업) | T10: 정상 | U10: 경북 구미시 임은동 | V10: 666-2번지 | W10: 051 461 0799 | X10: 전기공사, 소방공사, 정보통신공사 | Y10: 경북 구미시 임은길 | Z10: 55-15 (임은동) | AA10: 24 | AB10: BBB- | AC10: 일반전기 공사업 | AD10: 제조업 | AE10: {=IF(AF10="","",INDEX(전산회선!$E$4:$E$1141,_xlfn.AGGREGATE(15,6,ROW(전산회선!$E$4:$E$1141)-ROW(전산회선!$E$4)+1/((전산회선!$B$4:$B$1141=$E10)*(전산회선!$F$4:$F$1141=AF10)),1)))} -> GiGA인터넷 | AF10: =IFERROR(IF(_xlfn.MAXIFS(전산회선!$F$4:$F$1141,전산회선!$B$4:$B$1141,$E10)=0,"",_xlfn.MAXIFS(전산회선!$F$4:$F$1141,전산회선!$B$4:$B$1141,$E10)),"") -> 4 | AG10: {=IF(AH10="","",INDEX(전산회선!$E$4:$E$1141,_xlfn.AGGREGATE(15,6,ROW(전산회선!$E$4:$E$1141)-ROW(전산회선!$E$4)+1/((전산회선!$B$4:$B$1141=$E10)*(전산회선!$F$4:$F$1141=AH10)),1)))} -> GTV | AH10: =IFERROR(IF(_xlfn.MAXIFS(전산회선!$F$4:$F$1141,전산회선!$B$4:$B$1141,$E10,전산회선!$F$4:$F$1141,"<"&AF10)=0,"",_xlfn.MAXIFS(전산회선!$F$4:$F$1141,전산회선!$B$4:$B$1141,$E10,전산회선!$F$4:$F$1141,"<"&AF10)),"") -> 2 | AI10: {=IF(AJ10="","",INDEX(전산회선!$E$4:$E$1141,_xlfn.AGGREGATE(15,6,ROW(전산회선!$E$4:$E$1141)-ROW(전산회선!$E$4)+1/((전산회선!$B$4:$B$1141=$E10)*(전산회선!$F$4:$F$1141=AJ10)),1)))} | AJ10: =IFERROR(IF(_xlfn.MAXIFS(전산회선!$F$4:$F$1141,전산회선!$B$4:$B$1141,$E10,전산회선!$F$4:$F$1141,"<"&AH10)=0,"",_xlfn.MAXIFS(전산회선!$F$4:$F$1141,전산회선!$B$4:$B$1141,$E10,전산회선!$F$4:$F$1141,"<"&AH10)),"") | AK10: {=IF(AL10="","",INDEX(전산회선!$E$4:$E$1141,_xlfn.AGGREGATE(15,6,ROW(전산회선!$E$4:$E$1141)-ROW(전산회선!$E$4)+1/((전산회선!$B$4:$B$1141=$E10)*(전산회선!$F$4:$F$1141=AL10)),1)))} | AL10: =IFERROR(IF(_xlfn.MAXIFS(전산회선!$F$4:$F$1141,전산회선!$B$4:$B$1141,$E10,전산회선!$F$4:$F$1141,"<"&AJ10)=0,"",_xlfn.MAXIFS(전산회선!$F$4:$F$1141,전산회선!$B$4:$B$1141,$E10,전산회선!$F$4:$F$1141,"<"&AJ10)),"") | AM10: {=IF(AN10="","",INDEX(전산회선!$E$4:$E$1141,_xlfn.AGGREGATE(15,6,ROW(전산회선!$E$4:$E$1141)-ROW(전산회선!$E$4)+1/((전산회선!$B$4:$B$1141=$E10)*(전산회선!$F$4:$F$1141=AN10)),1)))} | AN10: =IFERROR(IF(_xlfn.MAXIFS(전산회선!$F$4:$F$1141,전산회선!$B$4:$B$1141,$E10,전산회선!$F$4:$F$1141,"<"&AL10)=0,"",_xlfn.MAXIFS(전산회선!$F$4:$F$1141,전산회선!$B$4:$B$1141,$E10,전산회선!$F$4:$F$1141,"<"&AL10)),"") | AO10: 221102.38 | AP10: 241031.38 | AQ10: 264250.38 | AR10: 242263.38 | AS10: 275001.38 | AT10: 241528.38 | AU10: 228585.38 | AV10: 195136.83 | AW10: 208735.38 | AX10: 155740.38 | AY10: 167150.31 | AZ10: 263550.38 | BA10: 225339.67 | BB10: =SUM(AO10:AZ10) -> 2704076 | BC10: 20801 | BD10: 41962 | BE10: 41962 | BF10: 41962 | BG10: 74690 | BH10: 41962 | BI10: 41962 | BJ10: 51311 | BK10: 77919 | BL10: 24924 | BM10: 24924 | BN10: 44536 | BO10: 44076.25 | BP10: 528915 | BQ10: =IFERROR(INDEX(피벗!$BL$5:$CH$5,1,MATCH($BR10,INDEX(피벗!$BL:$CH,MATCH($E10,피벗!$BJ:$BJ,0),0),0)),"") -> GiGA인터넷 | BR10: =IFERROR(LARGE(INDEX(피벗!$BL:$CH,MATCH(성장고객!$E10,피벗!$BJ:$BJ,0),0),1),"") -> 435718 | BS10: =IFERROR(BR10/$BB10,"") -> 0.16113379 | BT10: =IFERROR(INDEX(피벗!$BL$5:$CH$5,1,MATCH($BU10,INDEX(피벗!$BL:$CH,MATCH($E10,피벗!$BJ:$BJ,0),0),0)),"") -> MeGA인터넷 | BU10: =IFERROR(LARGE(INDEX(피벗!$BL:$CH,MATCH(성장고객!$E10,피벗!$BJ:$BJ,0),0),2),"") -> 93197 | BV10: =IFERROR(BU10/$BB10,"") -> 0.034465378 | BW10: =IFERROR(INDEX(피벗!$BL$5:$CH$5,1,MATCH($BX10,INDEX(피벗!$BL:$CH,MATCH($E10,피벗!$BJ:$BJ,0),0),0)),"") | BX10: =IFERROR(LARGE(INDEX(피벗!$BL:$CH,MATCH(성장고객!$E10,피벗!$BJ:$BJ,0),0),3),"") | BY10: =IFERROR(BX10/$BB10,"") | BZ10: =IFERROR(INDEX(피벗!$BL$5:$CH$5,1,MATCH($CA10,INDEX(피벗!$BL:$CH,MATCH($E10,피벗!$BJ:$BJ,0),0),0)),"") | CA10: =IFERROR(LARGE(INDEX(피벗!$BL:$CH,MATCH(성장고객!$E10,피벗!$BJ:$BJ,0),0),4),"") | CB10: =IFERROR(CA10/$BB10,"") | CC10: =IFERROR(INDEX(피벗!$BL$5:$CH$5,1,MATCH($CD10,INDEX(피벗!$BL:$CH,MATCH($E10,피벗!$BJ:$BJ,0),0),0)),"") | CD10: =IFERROR(LARGE(INDEX(피벗!$BL:$CH,MATCH(성장고객!$E10,피벗!$BJ:$BJ,0),0),5),"") | CE10: =IFERROR(CD10/$BB10,"") | CF10: =IFERROR(INDEX(피벗!$CI:$CI,MATCH($E10,피벗!$BJ:$BJ,0)),"") -> 528915 | CG10: =IFERROR(CF10/$BB10,"") -> 0.19559916 | CH10: =IFERROR(INDEX(피벗!$EZ$5:$GE$5,1,MATCH($CI10,INDEX(피벗!$EZ:$GE,MATCH($E10,피벗!$EY:$EY,0),0),0)),"") -> GiGA인터넷 | CI10: =IFERROR(LARGE(INDEX(피벗!$EZ:$GE,MATCH(성장고객!$E10,피벗!$EY:$EY,0),0),1),"") -> 1425672 | CJ10: =IFERROR(INDEX(피벗!$EZ$5:$GE$5,1,MATCH($CK10,INDEX(피벗!$EZ:$GE,MATCH($E10,피벗!$EY:$EY,0),0),0)),"") -> MeGA인터넷 | CK10: =IFERROR(LARGE(INDEX(피벗!$EZ:$GE,MATCH(성장고객!$E10,피벗!$EY:$EY,0),0),2),"") -> 692023 | CL10: =IFERROR(INDEX(피벗!$EZ$5:$GE$5,1,MATCH($CM10,INDEX(피벗!$EZ:$GE,MATCH($E10,피벗!$EY:$EY,0),0),0)),"") -> GTV | CM10: =IFERROR(LARGE(INDEX(피벗!$EZ:$GE,MATCH(성장고객!$E10,피벗!$EY:$EY,0),0),3),"") -> 466613 | CN10: =IFERROR(INDEX(피벗!$EZ$5:$GE$5,1,MATCH($CO10,INDEX(피벗!$EZ:$GE,MATCH($E10,피벗!$EY:$EY,0),0),0)),"") -> GTV Biz | CO10: =IFERROR(LARGE(INDEX(피벗!$EZ:$GE,MATCH(성장고객!$E10,피벗!$EY:$EY,0),0),4),"") -> 71768 | CP10: =IFERROR(INDEX(피벗!$EZ$5:$GE$5,1,MATCH($CQ10,INDEX(피벗!$EZ:$GE,MATCH($E10,피벗!$EY:$EY,0),0),0)),"") -> 기가지니 TV | CQ10: =IFERROR(LARGE(INDEX(피벗!$EZ:$GE,MATCH(성장고객!$E10,피벗!$EY:$EY,0),0),5),"") -> 48000 | CR10: =IFERROR(INDEX(피벗!$GF:$GF,MATCH($E10,피벗!$EY:$EY,0)),"") -> 2704076
A11: 경북법인고객담당 | B11: 법인고객영업2부 | C11: 법인고객영업2팀 | D11: 이대석 | E11: 1-I53FFA | F11: 한맥건설(주) | G11: 법인가치고객 | H11: 본사 | I11: 1711110005240 | J11: 5088106230 | K11: 본사 | L11: 정상 | M11: 건설업 | N11: 건설/호텔 | O11: Manufacture>중공업>건설>건설업-종합 | P11: 5 | Q11: 소상공인 | R11: 주식회사 | S11: 신규설립(개업) | T11: 정상 | U11: 경북 안동시 옥동 | V11: 987-10번지 메트로오피스텔 803호 | W11: 054 852 7101 | X11: 철근콘크리트, 토공사 | Y11: 경북 안동시 복주5길 | Z11: 41, 803호 (옥동,메트로오피스텔) | AA11: 4 | AB11: BBB- | AC11: 철근 및 철근콘크리트 공사업 | AD11: 제조업 | AE11: {=IF(AF11="","",INDEX(전산회선!$E$4:$E$1141,_xlfn.AGGREGATE(15,6,ROW(전산회선!$E$4:$E$1141)-ROW(전산회선!$E$4)+1/((전산회선!$B$4:$B$1141=$E11)*(전산회선!$F$4:$F$1141=AF11)),1)))} -> 홈일반전화 | AF11: =IFERROR(IF(_xlfn.MAXIFS(전산회선!$F$4:$F$1141,전산회선!$B$4:$B$1141,$E11)=0,"",_xlfn.MAXIFS(전산회선!$F$4:$F$1141,전산회선!$B$4:$B$1141,$E11)),"") -> 3 | AG11: {=IF(AH11="","",INDEX(전산회선!$E$4:$E$1141,_xlfn.AGGREGATE(15,6,ROW(전산회선!$E$4:$E$1141)-ROW(전산회선!$E$4)+1/((전산회선!$B$4:$B$1141=$E11)*(전산회선!$F$4:$F$1141=AH11)),1)))} -> GTV | AH11: =IFERROR(IF(_xlfn.MAXIFS(전산회선!$F$4:$F$1141,전산회선!$B$4:$B$1141,$E11,전산회선!$F$4:$F$1141,"<"&AF11)=0,"",_xlfn.MAXIFS(전산회선!$F$4:$F$1141,전산회선!$B$4:$B$1141,$E11,전산회선!$F$4:$F$1141,"<"&AF11)),"") -> 1 | AI11: {=IF(AJ11="","",INDEX(전산회선!$E$4:$E$1141,_xlfn.AGGREGATE(15,6,ROW(전산회선!$E$4:$E$1141)-ROW(전산회선!$E$4)+1/((전산회선!$B$4:$B$1141=$E11)*(전산회선!$F$4:$F$1141=AJ11)),1)))} | AJ11: =IFERROR(IF(_xlfn.MAXIFS(전산회선!$F$4:$F$1141,전산회선!$B$4:$B$1141,$E11,전산회선!$F$4:$F$1141,"<"&AH11)=0,"",_xlfn.MAXIFS(전산회선!$F$4:$F$1141,전산회선!$B$4:$B$1141,$E11,전산회선!$F$4:$F$1141,"<"&AH11)),"") | AK11: {=IF(AL11="","",INDEX(전산회선!$E$4:$E$1141,_xlfn.AGGREGATE(15,6,ROW(전산회선!$E$4:$E$1141)-ROW(전산회선!$E$4)+1/((전산회선!$B$4:$B$1141=$E11)*(전산회선!$F$4:$F$1141=AL11)),1)))} | AL11: =IFERROR(IF(_xlfn.MAXIFS(전산회선!$F$4:$F$1141,전산회선!$B$4:$B$1141,$E11,전산회선!$F$4:$F$1141,"<"&AJ11)=0,"",_xlfn.MAXIFS(전산회선!$F$4:$F$1141,전산회선!$B$4:$B$1141,$E11,전산회선!$F$4:$F$1141,"<"&AJ11)),"") | AM11: {=IF(AN11="","",INDEX(전산회선!$E$4:$E$1141,_xlfn.AGGREGATE(15,6,ROW(전산회선!$E$4:$E$1141)-ROW(전산회선!$E$4)+1/((전산회선!$B$4:$B$1141=$E11)*(전산회선!$F$4:$F$1141=AN11)),1)))} | AN11: =IFERROR(IF(_xlfn.MAXIFS(전산회선!$F$4:$F$1141,전산회선!$B$4:$B$1141,$E11,전산회선!$F$4:$F$1141,"<"&AL11)=0,"",_xlfn.MAXIFS(전산회선!$F$4:$F$1141,전산회선!$B$4:$B$1141,$E11,전산회선!$F$4:$F$1141,"<"&AL11)),"") | AO11: 40789 | AP11: 41082 | AQ11: 42997 | AR11: 40809 | AS11: 41571 | AT11: 39866 | AU11: 11673 | AV11: 4702 | AW11: 16084 | AX11: 16255 | AY11: 14593 | AZ11: 18724 | BA11: 27428.75 | BB11: =SUM(AO11:AZ11) -> 329145 | BC11: 0 | BD11: 0 | BE11: 0 | BF11: 0 | BG11: 0 | BH11: 0 | BI11: 0 | BJ11: 0 | BK11: 0 | BL11: 0 | BM11: 0 | BN11: 0 | BO11: 0 | BP11: 0 | BQ11: =IFERROR(INDEX(피벗!$BL$5:$CH$5,1,MATCH($BR11,INDEX(피벗!$BL:$CH,MATCH($E11,피벗!$BJ:$BJ,0),0),0)),"") | BR11: =IFERROR(LARGE(INDEX(피벗!$BL:$CH,MATCH(성장고객!$E11,피벗!$BJ:$BJ,0),0),1),"") | BS11: =IFERROR(BR11/$BB11,"") | BT11: =IFERROR(INDEX(피벗!$BL$5:$CH$5,1,MATCH($BU11,INDEX(피벗!$BL:$CH,MATCH($E11,피벗!$BJ:$BJ,0),0),0)),"") | BU11: =IFERROR(LARGE(INDEX(피벗!$BL:$CH,MATCH(성장고객!$E11,피벗!$BJ:$BJ,0),0),2),"") | BV11: =IFERROR(BU11/$BB11,"") | BW11: =IFERROR(INDEX(피벗!$BL$5:$CH$5,1,MATCH($BX11,INDEX(피벗!$BL:$CH,MATCH($E11,피벗!$BJ:$BJ,0),0),0)),"") | BX11: =IFERROR(LARGE(INDEX(피벗!$BL:$CH,MATCH(성장고객!$E11,피벗!$BJ:$BJ,0),0),3),"") | BY11: =IFERROR(BX11/$BB11,"") | BZ11: =IFERROR(INDEX(피벗!$BL$5:$CH$5,1,MATCH($CA11,INDEX(피벗!$BL:$CH,MATCH($E11,피벗!$BJ:$BJ,0),0),0)),"") | CA11: =IFERROR(LARGE(INDEX(피벗!$BL:$CH,MATCH(성장고객!$E11,피벗!$BJ:$BJ,0),0),4),"") | CB11: =IFERROR(CA11/$BB11,"") | CC11: =IFERROR(INDEX(피벗!$BL$5:$CH$5,1,MATCH($CD11,INDEX(피벗!$BL:$CH,MATCH($E11,피벗!$BJ:$BJ,0),0),0)),"") | CD11: =IFERROR(LARGE(INDEX(피벗!$BL:$CH,MATCH(성장고객!$E11,피벗!$BJ:$BJ,0),0),5),"") | CE11: =IFERROR(CD11/$BB11,"") | CF11: =IFERROR(INDEX(피벗!$CI:$CI,MATCH($E11,피벗!$BJ:$BJ,0)),"") | CG11: =IFERROR(CF11/$BB11,"") | CH11: =IFERROR(INDEX(피벗!$EZ$5:$GE$5,1,MATCH($CI11,INDEX(피벗!$EZ:$GE,MATCH($E11,피벗!$EY:$EY,0),0),0)),"") -> 홈일반전화 | CI11: =IFERROR(LARGE(INDEX(피벗!$EZ:$GE,MATCH(성장고객!$E11,피벗!$EY:$EY,0),0),1),"") -> 170767 | CJ11: =IFERROR(INDEX(피벗!$EZ$5:$GE$5,1,MATCH($CK11,INDEX(피벗!$EZ:$GE,MATCH($E11,피벗!$EY:$EY,0),0),0)),"") -> GiGA인터넷 | CK11: =IFERROR(LARGE(INDEX(피벗!$EZ:$GE,MATCH(성장고객!$E11,피벗!$EY:$EY,0),0),2),"") -> 160577 | CL11: =IFERROR(INDEX(피벗!$EZ$5:$GE$5,1,MATCH($CM11,INDEX(피벗!$EZ:$GE,MATCH($E11,피벗!$EY:$EY,0),0),0)),"") -> GTV | CM11: =IFERROR(LARGE(INDEX(피벗!$EZ:$GE,MATCH(성장고객!$E11,피벗!$EY:$EY,0),0),3),"") -> 40643 | CN11: =IFERROR(INDEX(피벗!$EZ$5:$GE$5,1,MATCH($CO11,INDEX(피벗!$EZ:$GE,MATCH($E11,피벗!$EY:$EY,0),0),0)),"") -> 홈지능망 | CO11: =IFERROR(LARGE(INDEX(피벗!$EZ:$GE,MATCH(성장고객!$E11,피벗!$EY:$EY,0),0),4),"") -> 26400 | CP11: =IFERROR(INDEX(피벗!$EZ$5:$GE$5,1,MATCH($CQ11,INDEX(피벗!$EZ:$GE,MATCH($E11,피벗!$EY:$EY,0),0),0)),"") -> 기가지니 TV | CQ11: =IFERROR(LARGE(INDEX(피벗!$EZ:$GE,MATCH(성장고객!$E11,피벗!$EY:$EY,0),0),5),"") -> 18677 | CR11: =IFERROR(INDEX(피벗!$GF:$GF,MATCH($E11,피벗!$EY:$EY,0)),"") -> 329145
A12: 경북법인고객담당 | B12: 법인고객영업3부 | C12: 법인고객영업1팀 | D12: 고한용 | E12: A0001350851 | F12: 한두레축산영농조합법인 | G12: 법인가치고객 | H12: 본사 | I12: 1754710002447 | J12: 5118112058 | K12: 본사 | L12: 정상 | M12: 판매업 | N12: 공통 | O12: Retail/Service>도소매>생활재 판매>사료도매 | P12: 10 | Q12: 소기업 | R12: 기타법인 | S12: 신규설립(개업) | T12: 정상 | U12: 경북 문경시 산양면 | V12: 진정리 630-3번지 | W12: 054 554 1050 | X12: TMF 사료 외 | Y12: 경북 문경시 산양면 산양공단1길 | Z12: 28 (진정리) | AA12: 11 | AB12: BB- | AD12: 제조업 | AE12: {=IF(AF12="","",INDEX(전산회선!$E$4:$E$1141,_xlfn.AGGREGATE(15,6,ROW(전산회선!$E$4:$E$1141)-ROW(전산회선!$E$4)+1/((전산회선!$B$4:$B$1141=$E12)*(전산회선!$F$4:$F$1141=AF12)),1)))} -> MeGA인터넷 | AF12: =IFERROR(IF(_xlfn.MAXIFS(전산회선!$F$4:$F$1141,전산회선!$B$4:$B$1141,$E12)=0,"",_xlfn.MAXIFS(전산회선!$F$4:$F$1141,전산회선!$B$4:$B$1141,$E12)),"") -> 7 | AG12: {=IF(AH12="","",INDEX(전산회선!$E$4:$E$1141,_xlfn.AGGREGATE(15,6,ROW(전산회선!$E$4:$E$1141)-ROW(전산회선!$E$4)+1/((전산회선!$B$4:$B$1141=$E12)*(전산회선!$F$4:$F$1141=AH12)),1)))} -> 홈일반전화 | AH12: =IFERROR(IF(_xlfn.MAXIFS(전산회선!$F$4:$F$1141,전산회선!$B$4:$B$1141,$E12,전산회선!$F$4:$F$1141,"<"&AF12)=0,"",_xlfn.MAXIFS(전산회선!$F$4:$F$1141,전산회선!$B$4:$B$1141,$E12,전산회선!$F$4:$F$1141,"<"&AF12)),"") -> 3 | AI12: {=IF(AJ12="","",INDEX(전산회선!$E$4:$E$1141,_xlfn.AGGREGATE(15,6,ROW(전산회선!$E$4:$E$1141)-ROW(전산회선!$E$4)+1/((전산회선!$B$4:$B$1141=$E12)*(전산회선!$F$4:$F$1141=AJ12)),1)))} | AJ12: =IFERROR(IF(_xlfn.MAXIFS(전산회선!$F$4:$F$1141,전산회선!$B$4:$B$1141,$E12,전산회선!$F$4:$F$1141,"<"&AH12)=0,"",_xlfn.MAXIFS(전산회선!$F$4:$F$1141,전산회선!$B$4:$B$1141,$E12,전산회선!$F$4:$F$1141,"<"&AH12)),"") | AK12: {=IF(AL12="","",INDEX(전산회선!$E$4:$E$1141,_xlfn.AGGREGATE(15,6,ROW(전산회선!$E$4:$E$1141)-ROW(전산회선!$E$4)+1/((전산회선!$B$4:$B$1141=$E12)*(전산회선!$F$4:$F$1141=AL12)),1)))} | AL12: =IFERROR(IF(_xlfn.MAXIFS(전산회선!$F$4:$F$1141,전산회선!$B$4:$B$1141,$E12,전산회선!$F$4:$F$1141,"<"&AJ12)=0,"",_xlfn.MAXIFS(전산회선!$F$4:$F$1141,전산회선!$B$4:$B$1141,$E12,전산회선!$F$4:$F$1141,"<"&AJ12)),"") | AM12: {=IF(AN12="","",INDEX(전산회선!$E$4:$E$1141,_xlfn.AGGREGATE(15,6,ROW(전산회선!$E$4:$E$1141)-ROW(전산회선!$E$4)+1/((전산회선!$B$4:$B$1141=$E12)*(전산회선!$F$4:$F$1141=AN12)),1)))} | AN12: =IFERROR(IF(_xlfn.MAXIFS(전산회선!$F$4:$F$1141,전산회선!$B$4:$B$1141,$E12,전산회선!$F$4:$F$1141,"<"&AL12)=0,"",_xlfn.MAXIFS(전산회선!$F$4:$F$1141,전산회선!$B$4:$B$1141,$E12,전산회선!$F$4:$F$1141,"<"&AL12)),"") | AO12: 148177 | AP12: 149408 | AQ12: 150866 | AR12: 167167 | AS12: 170581 | AT12: 170314 | AU12: 170830 | AV12: 170795 | AW12: 171816 | AX12: 170565 | AY12: 170540 | AZ12: 171436 | BA12: 165207.92 | BB12: =SUM(AO12:AZ12) -> 1982495 | BC12: 0 | BD12: 0 | BE12: 0 | BF12: 18295 | BG12: 20962 | BH12: 20962 | BI12: 20962 | BJ12: 20962 | BK12: 20962 | BL12: 20962 | BM12: 20962 | BN12: 20962 | BO12: 15499.25 | BP12: 185991 | BQ12: =IFERROR(INDEX(피벗!$BL$5:$CH$5,1,MATCH($BR12,INDEX(피벗!$BL:$CH,MATCH($E12,피벗!$BJ:$BJ,0),0),0)),"") -> MeGA인터넷 | BR12: =IFERROR(LARGE(INDEX(피벗!$BL:$CH,MATCH(성장고객!$E12,피벗!$BJ:$BJ,0),0),1),"") -> 185991 | BS12: =IFERROR(BR12/$BB12,"") -> 0.09381663 | BT12: =IFERROR(INDEX(피벗!$BL$5:$CH$5,1,MATCH($BU12,INDEX(피벗!$BL:$CH,MATCH($E12,피벗!$BJ:$BJ,0),0),0)),"") | BU12: =IFERROR(LARGE(INDEX(피벗!$BL:$CH,MATCH(성장고객!$E12,피벗!$BJ:$BJ,0),0),2),"") | BV12: =IFERROR(BU12/$BB12,"") | BW12: =IFERROR(INDEX(피벗!$BL$5:$CH$5,1,MATCH($BX12,INDEX(피벗!$BL:$CH,MATCH($E12,피벗!$BJ:$BJ,0),0),0)),"") | BX12: =IFERROR(LARGE(INDEX(피벗!$BL:$CH,MATCH(성장고객!$E12,피벗!$BJ:$BJ,0),0),3),"") | BY12: =IFERROR(BX12/$BB12,"") | BZ12: =IFERROR(INDEX(피벗!$BL$5:$CH$5,1,MATCH($CA12,INDEX(피벗!$BL:$CH,MATCH($E12,피벗!$BJ:$BJ,0),0),0)),"") | CA12: =IFERROR(LARGE(INDEX(피벗!$BL:$CH,MATCH(성장고객!$E12,피벗!$BJ:$BJ,0),0),4),"") | CB12: =IFERROR(CA12/$BB12,"") | CC12: =IFERROR(INDEX(피벗!$BL$5:$CH$5,1,MATCH($CD12,INDEX(피벗!$BL:$CH,MATCH($E12,피벗!$BJ:$BJ,0),0),0)),"") | CD12: =IFERROR(LARGE(INDEX(피벗!$BL:$CH,MATCH(성장고객!$E12,피벗!$BJ:$BJ,0),0),5),"") | CE12: =IFERROR(CD12/$BB12,"") | CF12: =IFERROR(INDEX(피벗!$CI:$CI,MATCH($E12,피벗!$BJ:$BJ,0)),"") -> 185991 | CG12: =IFERROR(CF12/$BB12,"") -> 0.09381663 | CH12: =IFERROR(INDEX(피벗!$EZ$5:$GE$5,1,MATCH($CI12,INDEX(피벗!$EZ:$GE,MATCH($E12,피벗!$EY:$EY,0),0),0)),"") -> MeGA인터넷 | CI12: =IFERROR(LARGE(INDEX(피벗!$EZ:$GE,MATCH(성장고객!$E12,피벗!$EY:$EY,0),0),1),"") -> 1729215 | CJ12: =IFERROR(INDEX(피벗!$EZ$5:$GE$5,1,MATCH($CK12,INDEX(피벗!$EZ:$GE,MATCH($E12,피벗!$EY:$EY,0),0),0)),"") -> 홈일반전화 | CK12: =IFERROR(LARGE(INDEX(피벗!$EZ:$GE,MATCH(성장고객!$E12,피벗!$EY:$EY,0),0),2),"") -> 190880 | CL12: =IFERROR(INDEX(피벗!$EZ$5:$GE$5,1,MATCH($CM12,INDEX(피벗!$EZ:$GE,MATCH($E12,피벗!$EY:$EY,0),0),0)),"") -> 홈지능망 | CM12: =IFERROR(LARGE(INDEX(피벗!$EZ:$GE,MATCH(성장고객!$E12,피벗!$EY:$EY,0),0),3),"") -> 62400 | CN12: =IFERROR(INDEX(피벗!$EZ$5:$GE$5,1,MATCH($CO12,INDEX(피벗!$EZ:$GE,MATCH($E12,피벗!$EY:$EY,0),0),0)),"") | CO12: =IFERROR(LARGE(INDEX(피벗!$EZ:$GE,MATCH(성장고객!$E12,피벗!$EY:$EY,0),0),4),"") | CP12: =IFERROR(INDEX(피벗!$EZ$5:$GE$5,1,MATCH($CQ12,INDEX(피벗!$EZ:$GE,MATCH($E12,피벗!$EY:$EY,0),0),0)),"") | CQ12: =IFERROR(LARGE(INDEX(피벗!$EZ:$GE,MATCH(성장고객!$E12,피벗!$EY:$EY,0),0),5),"") | CR12: =IFERROR(INDEX(피벗!$GF:$GF,MATCH($E12,피벗!$EY:$EY,0)),"") -> 1982495
A13: 경북법인고객담당 | B13: 법인고객영업2부 | C13: 법인고객영업2팀 | D13: 이대석 | E13: L0000014358 | F13: 한동재생공사 | G13: 법인가치고객 | H13: 본사 | AE13: {=IF(AF13="","",INDEX(전산회선!$E$4:$E$1141,_xlfn.AGGREGATE(15,6,ROW(전산회선!$E$4:$E$1141)-ROW(전산회선!$E$4)+1/((전산회선!$B$4:$B$1141=$E13)*(전산회선!$F$4:$F$1141=AF13)),1)))} -> IoT | AF13: =IFERROR(IF(_xlfn.MAXIFS(전산회선!$F$4:$F$1141,전산회선!$B$4:$B$1141,$E13)=0,"",_xlfn.MAXIFS(전산회선!$F$4:$F$1141,전산회선!$B$4:$B$1141,$E13)),"") -> 1 | AG13: {=IF(AH13="","",INDEX(전산회선!$E$4:$E$1141,_xlfn.AGGREGATE(15,6,ROW(전산회선!$E$4:$E$1141)-ROW(전산회선!$E$4)+1/((전산회선!$B$4:$B$1141=$E13)*(전산회선!$F$4:$F$1141=AH13)),1)))} | AH13: =IFERROR(IF(_xlfn.MAXIFS(전산회선!$F$4:$F$1141,전산회선!$B$4:$B$1141,$E13,전산회선!$F$4:$F$1141,"<"&AF13)=0,"",_xlfn.MAXIFS(전산회선!$F$4:$F$1141,전산회선!$B$4:$B$1141,$E13,전산회선!$F$4:$F$1141,"<"&AF13)),"") | AI13: {=IF(AJ13="","",INDEX(전산회선!$E$4:$E$1141,_xlfn.AGGREGATE(15,6,ROW(전산회선!$E$4:$E$1141)-ROW(전산회선!$E$4)+1/((전산회선!$B$4:$B$1141=$E13)*(전산회선!$F$4:$F$1141=AJ13)),1)))} | AJ13: =IFERROR(IF(_xlfn.MAXIFS(전산회선!$F$4:$F$1141,전산회선!$B$4:$B$1141,$E13,전산회선!$F$4:$F$1141,"<"&AH13)=0,"",_xlfn.MAXIFS(전산회선!$F$4:$F$1141,전산회선!$B$4:$B$1141,$E13,전산회선!$F$4:$F$1141,"<"&AH13)),"") | AK13: {=IF(AL13="","",INDEX(전산회선!$E$4:$E$1141,_xlfn.AGGREGATE(15,6,ROW(전산회선!$E$4:$E$1141)-ROW(전산회선!$E$4)+1/((전산회선!$B$4:$B$1141=$E13)*(전산회선!$F$4:$F$1141=AL13)),1)))} | AL13: =IFERROR(IF(_xlfn.MAXIFS(전산회선!$F$4:$F$1141,전산회선!$B$4:$B$1141,$E13,전산회선!$F$4:$F$1141,"<"&AJ13)=0,"",_xlfn.MAXIFS(전산회선!$F$4:$F$1141,전산회선!$B$4:$B$1141,$E13,전산회선!$F$4:$F$1141,"<"&AJ13)),"") | AM13: {=IF(AN13="","",INDEX(전산회선!$E$4:$E$1141,_xlfn.AGGREGATE(15,6,ROW(전산회선!$E$4:$E$1141)-ROW(전산회선!$E$4)+1/((전산회선!$B$4:$B$1141=$E13)*(전산회선!$F$4:$F$1141=AN13)),1)))} | AN13: =IFERROR(IF(_xlfn.MAXIFS(전산회선!$F$4:$F$1141,전산회선!$B$4:$B$1141,$E13,전산회선!$F$4:$F$1141,"<"&AL13)=0,"",_xlfn.MAXIFS(전산회선!$F$4:$F$1141,전산회선!$B$4:$B$1141,$E13,전산회선!$F$4:$F$1141,"<"&AL13)),"") | AO13: 29700 | AP13: 29700 | AQ13: 29700 | AR13: 29700 | AS13: 29700 | AT13: 29700 | AU13: 29700 | AV13: 29700 | AW13: 29700 | AX13: 29700 | AY13: 27500 | AZ13: 27500 | BA13: 29333.333 | BB13: =SUM(AO13:AZ13) -> 352000 | BC13: 0 | BD13: 0 | BE13: 0 | BF13: 0 | BG13: 0 | BH13: 0 | BI13: 0 | BJ13: 0 | BK13: 0 | BL13: 0 | BM13: 0 | BN13: 0 | BO13: 0 | BP13: 0 | BQ13: =IFERROR(INDEX(피벗!$BL$5:$CH$5,1,MATCH($BR13,INDEX(피벗!$BL:$CH,MATCH($E13,피벗!$BJ:$BJ,0),0),0)),"") | BR13: =IFERROR(LARGE(INDEX(피벗!$BL:$CH,MATCH(성장고객!$E13,피벗!$BJ:$BJ,0),0),1),"") | BS13: =IFERROR(BR13/$BB13,"") | BT13: =IFERROR(INDEX(피벗!$BL$5:$CH$5,1,MATCH($BU13,INDEX(피벗!$BL:$CH,MATCH($E13,피벗!$BJ:$BJ,0),0),0)),"") | BU13: =IFERROR(LARGE(INDEX(피벗!$BL:$CH,MATCH(성장고객!$E13,피벗!$BJ:$BJ,0),0),2),"") | BV13: =IFERROR(BU13/$BB13,"") | BW13: =IFERROR(INDEX(피벗!$BL$5:$CH$5,1,MATCH($BX13,INDEX(피벗!$BL:$CH,MATCH($E13,피벗!$BJ:$BJ,0),0),0)),"") | BX13: =IFERROR(LARGE(INDEX(피벗!$BL:$CH,MATCH(성장고객!$E13,피벗!$BJ:$BJ,0),0),3),"") | BY13: =IFERROR(BX13/$BB13,"") | BZ13: =IFERROR(INDEX(피벗!$BL$5:$CH$5,1,MATCH($CA13,INDEX(피벗!$BL:$CH,MATCH($E13,피벗!$BJ:$BJ,0),0),0)),"") | CA13: =IFERROR(LARGE(INDEX(피벗!$BL:$CH,MATCH(성장고객!$E13,피벗!$BJ:$BJ,0),0),4),"") | CB13: =IFERROR(CA13/$BB13,"") | CC13: =IFERROR(INDEX(피벗!$BL$5:$CH$5,1,MATCH($CD13,INDEX(피벗!$BL:$CH,MATCH($E13,피벗!$BJ:$BJ,0),0),0)),"") | CD13: =IFERROR(LARGE(INDEX(피벗!$BL:$CH,MATCH(성장고객!$E13,피벗!$BJ:$BJ,0),0),5),"") | CE13: =IFERROR(CD13/$BB13,"") | CF13: =IFERROR(INDEX(피벗!$CI:$CI,MATCH($E13,피벗!$BJ:$BJ,0)),"") | CG13: =IFERROR(CF13/$BB13,"") | CH13: =IFERROR(INDEX(피벗!$EZ$5:$GE$5,1,MATCH($CI13,INDEX(피벗!$EZ:$GE,MATCH($E13,피벗!$EY:$EY,0),0),0)),"") -> MeGA인터넷 | CI13: =IFERROR(LARGE(INDEX(피벗!$EZ:$GE,MATCH(성장고객!$E13,피벗!$EY:$EY,0),0),1),"") -> 240000 | CJ13: =IFERROR(INDEX(피벗!$EZ$5:$GE$5,1,MATCH($CK13,INDEX(피벗!$EZ:$GE,MATCH($E13,피벗!$EY:$EY,0),0),0)),"") -> IoT | CK13: =IFERROR(LARGE(INDEX(피벗!$EZ:$GE,MATCH(성장고객!$E13,피벗!$EY:$EY,0),0),2),"") -> 90000 | CL13: =IFERROR(INDEX(피벗!$EZ$5:$GE$5,1,MATCH($CM13,INDEX(피벗!$EZ:$GE,MATCH($E13,피벗!$EY:$EY,0),0),0)),"") -> 기업메시징 | CM13: =IFERROR(LARGE(INDEX(피벗!$EZ:$GE,MATCH(성장고객!$E13,피벗!$EY:$EY,0),0),3),"") -> 22000 | CN13: =IFERROR(INDEX(피벗!$EZ$5:$GE$5,1,MATCH($CO13,INDEX(피벗!$EZ:$GE,MATCH($E13,피벗!$EY:$EY,0),0),0)),"") | CO13: =IFERROR(LARGE(INDEX(피벗!$EZ:$GE,MATCH(성장고객!$E13,피벗!$EY:$EY,0),0),4),"") | CP13: =IFERROR(INDEX(피벗!$EZ$5:$GE$5,1,MATCH($CQ13,INDEX(피벗!$EZ:$GE,MATCH($E13,피벗!$EY:$EY,0),0),0)),"") | CQ13: =IFERROR(LARGE(INDEX(피벗!$EZ:$GE,MATCH(성장고객!$E13,피벗!$EY:$EY,0),0),5),"") | CR13: =IFERROR(INDEX(피벗!$GF:$GF,MATCH($E13,피벗!$EY:$EY,0)),"") -> 352000
A14: 경북법인고객담당 | B14: 법인고객영업2부 | C14: 법인고객영업2팀 | D14: 오다영 | E14: 0AAGEWRIC7Z | F14: 한국퓨얼셀주식회사 | G14: 법인가치고객 | H14: 본사 | K14: 본사 | L14: 청산/해산 | M14: 에너지 | N14: 에너지/환경 | O14: Retail/Service>서비스업>사업서비스업>엔지니어링서비스-전기전자공학 | P14: 1 | Q14: 대기업 | R14: 주식회사 | S14: 신규설립(개업) | T14: 청산/해산 | U14: 경북 포항시 북구 흥해읍 | V14: 죽천리 698-1번지 | W14: 054 250 1300 | X14: 경기도 화성, 서울 등 전국4개 사이트에 총 58.75MW의 전력공급이 가능한 연료전지를 설치.운영 | Y14: 경북 포항시 북구 흥해읍 영일만산단로88번길 | Z14: 153 (죽천리) | AA14: 58 | AB14: BBB- | AC14: 기타 발전기 및 전기변환장치 제조업 | AD14: 제조업 | AE14: {=IF(AF14="","",INDEX(전산회선!$E$4:$E$1141,_xlfn.AGGREGATE(15,6,ROW(전산회선!$E$4:$E$1141)-ROW(전산회선!$E$4)+1/((전산회선!$B$4:$B$1141=$E14)*(전산회선!$F$4:$F$1141=AF14)),1)))} | AF14: =IFERROR(IF(_xlfn.MAXIFS(전산회선!$F$4:$F$1141,전산회선!$B$4:$B$1141,$E14)=0,"",_xlfn.MAXIFS(전산회선!$F$4:$F$1141,전산회선!$B$4:$B$1141,$E14)),"") | AG14: {=IF(AH14="","",INDEX(전산회선!$E$4:$E$1141,_xlfn.AGGREGATE(15,6,ROW(전산회선!$E$4:$E$1141)-ROW(전산회선!$E$4)+1/((전산회선!$B$4:$B$1141=$E14)*(전산회선!$F$4:$F$1141=AH14)),1)))} | AH14: =IFERROR(IF(_xlfn.MAXIFS(전산회선!$F$4:$F$1141,전산회선!$B$4:$B$1141,$E14,전산회선!$F$4:$F$1141,"<"&AF14)=0,"",_xlfn.MAXIFS(전산회선!$F$4:$F$1141,전산회선!$B$4:$B$1141,$E14,전산회선!$F$4:$F$1141,"<"&AF14)),"") | AI14: {=IF(AJ14="","",INDEX(전산회선!$E$4:$E$1141,_xlfn.AGGREGATE(15,6,ROW(전산회선!$E$4:$E$1141)-ROW(전산회선!$E$4)+1/((전산회선!$B$4:$B$1141=$E14)*(전산회선!$F$4:$F$1141=AJ14)),1)))} | AJ14: =IFERROR(IF(_xlfn.MAXIFS(전산회선!$F$4:$F$1141,전산회선!$B$4:$B$1141,$E14,전산회선!$F$4:$F$1141,"<"&AH14)=0,"",_xlfn.MAXIFS(전산회선!$F$4:$F$1141,전산회선!$B$4:$B$1141,$E14,전산회선!$F$4:$F$1141,"<"&AH14)),"") | AK14: {=IF(AL14="","",INDEX(전산회선!$E$4:$E$1141,_xlfn.AGGREGATE(15,6,ROW(전산회선!$E$4:$E$1141)-ROW(전산회선!$E$4)+1/((전산회선!$B$4:$B$1141=$E14)*(전산회선!$F$4:$F$1141=AL14)),1)))} | AL14: =IFERROR(IF(_xlfn.MAXIFS(전산회선!$F$4:$F$1141,전산회선!$B$4:$B$1141,$E14,전산회선!$F$4:$F$1141,"<"&AJ14)=0,"",_xlfn.MAXIFS(전산회선!$F$4:$F$1141,전산회선!$B$4:$B$1141,$E14,전산회선!$F$4:$F$1141,"<"&AJ14)),"") | AM14: {=IF(AN14="","",INDEX(전산회선!$E$4:$E$1141,_xlfn.AGGREGATE(15,6,ROW(전산회선!$E$4:$E$1141)-ROW(전산회선!$E$4)+1/((전산회선!$B$4:$B$1141=$E14)*(전산회선!$F$4:$F$1141=AN14)),1)))} | AN14: =IFERROR(IF(_xlfn.MAXIFS(전산회선!$F$4:$F$1141,전산회선!$B$4:$B$1141,$E14,전산회선!$F$4:$F$1141,"<"&AL14)=0,"",_xlfn.MAXIFS(전산회선!$F$4:$F$1141,전산회선!$B$4:$B$1141,$E14,전산회선!$F$4:$F$1141,"<"&AL14)),"") | AO14: 0 | AP14: 0 | AQ14: 0 | AR14: 0 | AS14: 0 | AT14: 0 | AU14: 0 | AV14: 0 | AW14: 0 | AX14: 0 | AY14: 0 | AZ14: 0 | BA14: 0 | BB14: =SUM(AO14:AZ14) -> 0 | BC14: 0 | BD14: 0 | BE14: 0 | BF14: 0 | BG14: 0 | BH14: 0 | BI14: 0 | BJ14: 0 | BK14: 0 | BL14: 0 | BM14: 0 | BN14: 0 | BO14: 0 | BP14: 0 | BQ14: =IFERROR(INDEX(피벗!$BL$5:$CH$5,1,MATCH($BR14,INDEX(피벗!$BL:$CH,MATCH($E14,피벗!$BJ:$BJ,0),0),0)),"") | BR14: =IFERROR(LARGE(INDEX(피벗!$BL:$CH,MATCH(성장고객!$E14,피벗!$BJ:$BJ,0),0),1),"") | BS14: =IFERROR(BR14/$BB14,"") | BT14: =IFERROR(INDEX(피벗!$BL$5:$CH$5,1,MATCH($BU14,INDEX(피벗!$BL:$CH,MATCH($E14,피벗!$BJ:$BJ,0),0),0)),"") | BU14: =IFERROR(LARGE(INDEX(피벗!$BL:$CH,MATCH(성장고객!$E14,피벗!$BJ:$BJ,0),0),2),"") | BV14: =IFERROR(BU14/$BB14,"") | BW14: =IFERROR(INDEX(피벗!$BL$5:$CH$5,1,MATCH($BX14,INDEX(피벗!$BL:$CH,MATCH($E14,피벗!$BJ:$BJ,0),0),0)),"") | BX14: =IFERROR(LARGE(INDEX(피벗!$BL:$CH,MATCH(성장고객!$E14,피벗!$BJ:$BJ,0),0),3),"") | BY14: =IFERROR(BX14/$BB14,"") | BZ14: =IFERROR(INDEX(피벗!$BL$5:$CH$5,1,MATCH($CA14,INDEX(피벗!$BL:$CH,MATCH($E14,피벗!$BJ:$BJ,0),0),0)),"") | CA14: =IFERROR(LARGE(INDEX(피벗!$BL:$CH,MATCH(성장고객!$E14,피벗!$BJ:$BJ,0),0),4),"") | CB14: =IFERROR(CA14/$BB14,"") | CC14: =IFERROR(INDEX(피벗!$BL$5:$CH$5,1,MATCH($CD14,INDEX(피벗!$BL:$CH,MATCH($E14,피벗!$BJ:$BJ,0),0),0)),"") | CD14: =IFERROR(LARGE(INDEX(피벗!$BL:$CH,MATCH(성장고객!$E14,피벗!$BJ:$BJ,0),0),5),"") | CE14: =IFERROR(CD14/$BB14,"") | CF14: =IFERROR(INDEX(피벗!$CI:$CI,MATCH($E14,피벗!$BJ:$BJ,0)),"") | CG14: =IFERROR(CF14/$BB14,"") | CH14: =IFERROR(INDEX(피벗!$EZ$5:$GE$5,1,MATCH($CI14,INDEX(피벗!$EZ:$GE,MATCH($E14,피벗!$EY:$EY,0),0),0)),"") | CI14: =IFERROR(LARGE(INDEX(피벗!$EZ:$GE,MATCH(성장고객!$E14,피벗!$EY:$EY,0),0),1),"") | CJ14: =IFERROR(INDEX(피벗!$EZ$5:$GE$5,1,MATCH($CK14,INDEX(피벗!$EZ:$GE,MATCH($E14,피벗!$EY:$EY,0),0),0)),"") | CK14: =IFERROR(LARGE(INDEX(피벗!$EZ:$GE,MATCH(성장고객!$E14,피벗!$EY:$EY,0),0),2),"") | CL14: =IFERROR(INDEX(피벗!$EZ$5:$GE$5,1,MATCH($CM14,INDEX(피벗!$EZ:$GE,MATCH($E14,피벗!$EY:$EY,0),0),0)),"") | CM14: =IFERROR(LARGE(INDEX(피벗!$EZ:$GE,MATCH(성장고객!$E14,피벗!$EY:$EY,0),0),3),"") | CN14: =IFERROR(INDEX(피벗!$EZ$5:$GE$5,1,MATCH($CO14,INDEX(피벗!$EZ:$GE,MATCH($E14,피벗!$EY:$EY,0),0),0)),"") | CO14: =IFERROR(LARGE(INDEX(피벗!$EZ:$GE,MATCH(성장고객!$E14,피벗!$EY:$EY,0),0),4),"") | CP14: =IFERROR(INDEX(피벗!$EZ$5:$GE$5,1,MATCH($CQ14,INDEX(피벗!$EZ:$GE,MATCH($E14,피벗!$EY:$EY,0),0),0)),"") | CQ14: =IFERROR(LARGE(INDEX(피벗!$EZ:$GE,MATCH(성장고객!$E14,피벗!$EY:$EY,0),0),5),"") | CR14: =IFERROR(INDEX(피벗!$GF:$GF,MATCH($E14,피벗!$EY:$EY,0)),"")
A15: 경북법인고객담당 | B15: 법인고객영업2부 | C15: 법인고객영업1팀 | D15: 정윤성 | E15: 1-1EYWFXK | F15: 한국수력원자력 포항에너지파크 | G15: 법인가치고객 | H15: 사업장 | I15: 1101112207127 | J15: 2468502431 | K15: 사업장 | L15: 정상 | M15: 에너지 | N15: 에너지/환경 | O15: Public>공공>수도/가스/전기 | P15: 8 | Q15: 판단제외대상 | R15: 주식회사 | S15: 분할신설 | T15: 정상 | U15: 경북 경주시 문무대왕면 | V15: 장항리 1270번지 | W15: 054 704 2114 | X15: 원자력, 수력 발전 | Y15: 경북 경주시 문무대왕면 불국로 | Z15: 1655 (장항리) | AA15: 12806 | AB15: NR | AC15: 원자력 발전업 | AD15: 제조업 | AE15: {=IF(AF15="","",INDEX(전산회선!$E$4:$E$1141,_xlfn.AGGREGATE(15,6,ROW(전산회선!$E$4:$E$1141)-ROW(전산회선!$E$4)+1/((전산회선!$B$4:$B$1141=$E15)*(전산회선!$F$4:$F$1141=AF15)),1)))} -> 전용회선 | AF15: =IFERROR(IF(_xlfn.MAXIFS(전산회선!$F$4:$F$1141,전산회선!$B$4:$B$1141,$E15)=0,"",_xlfn.MAXIFS(전산회선!$F$4:$F$1141,전산회선!$B$4:$B$1141,$E15)),"") -> 8 | AG15: {=IF(AH15="","",INDEX(전산회선!$E$4:$E$1141,_xlfn.AGGREGATE(15,6,ROW(전산회선!$E$4:$E$1141)-ROW(전산회선!$E$4)+1/((전산회선!$B$4:$B$1141=$E15)*(전산회선!$F$4:$F$1141=AH15)),1)))} | AH15: =IFERROR(IF(_xlfn.MAXIFS(전산회선!$F$4:$F$1141,전산회선!$B$4:$B$1141,$E15,전산회선!$F$4:$F$1141,"<"&AF15)=0,"",_xlfn.MAXIFS(전산회선!$F$4:$F$1141,전산회선!$B$4:$B$1141,$E15,전산회선!$F$4:$F$1141,"<"&AF15)),"") | AI15: {=IF(AJ15="","",INDEX(전산회선!$E$4:$E$1141,_xlfn.AGGREGATE(15,6,ROW(전산회선!$E$4:$E$1141)-ROW(전산회선!$E$4)+1/((전산회선!$B$4:$B$1141=$E15)*(전산회선!$F$4:$F$1141=AJ15)),1)))} | AJ15: =IFERROR(IF(_xlfn.MAXIFS(전산회선!$F$4:$F$1141,전산회선!$B$4:$B$1141,$E15,전산회선!$F$4:$F$1141,"<"&AH15)=0,"",_xlfn.MAXIFS(전산회선!$F$4:$F$1141,전산회선!$B$4:$B$1141,$E15,전산회선!$F$4:$F$1141,"<"&AH15)),"") | AK15: {=IF(AL15="","",INDEX(전산회선!$E$4:$E$1141,_xlfn.AGGREGATE(15,6,ROW(전산회선!$E$4:$E$1141)-ROW(전산회선!$E$4)+1/((전산회선!$B$4:$B$1141=$E15)*(전산회선!$F$4:$F$1141=AL15)),1)))} | AL15: =IFERROR(IF(_xlfn.MAXIFS(전산회선!$F$4:$F$1141,전산회선!$B$4:$B$1141,$E15,전산회선!$F$4:$F$1141,"<"&AJ15)=0,"",_xlfn.MAXIFS(전산회선!$F$4:$F$1141,전산회선!$B$4:$B$1141,$E15,전산회선!$F$4:$F$1141,"<"&AJ15)),"") | AM15: {=IF(AN15="","",INDEX(전산회선!$E$4:$E$1141,_xlfn.AGGREGATE(15,6,ROW(전산회선!$E$4:$E$1141)-ROW(전산회선!$E$4)+1/((전산회선!$B$4:$B$1141=$E15)*(전산회선!$F$4:$F$1141=AN15)),1)))} | AN15: =IFERROR(IF(_xlfn.MAXIFS(전산회선!$F$4:$F$1141,전산회선!$B$4:$B$1141,$E15,전산회선!$F$4:$F$1141,"<"&AL15)=0,"",_xlfn.MAXIFS(전산회선!$F$4:$F$1141,전산회선!$B$4:$B$1141,$E15,전산회선!$F$4:$F$1141,"<"&AL15)),"") | AO15: 546000 | AP15: 546000 | AQ15: 546000 | AR15: 546000 | AS15: 546000 | AT15: 546000 | AU15: 546000 | AV15: 546000 | AW15: 546000 | AX15: 546000 | AY15: 546000 | AZ15: 546000 | BA15: 546000 | BB15: =SUM(AO15:AZ15) -> 6552000 | BC15: 0 | BD15: 0 | BE15: 0 | BF15: 0 | BG15: 0 | BH15: 0 | BI15: 0 | BJ15: 0 | BK15: 0 | BL15: 0 | BM15: 0 | BN15: 0 | BO15: 0 | BP15: 0 | BQ15: =IFERROR(INDEX(피벗!$BL$5:$CH$5,1,MATCH($BR15,INDEX(피벗!$BL:$CH,MATCH($E15,피벗!$BJ:$BJ,0),0),0)),"") | BR15: =IFERROR(LARGE(INDEX(피벗!$BL:$CH,MATCH(성장고객!$E15,피벗!$BJ:$BJ,0),0),1),"") | BS15: =IFERROR(BR15/$BB15,"") | BT15: =IFERROR(INDEX(피벗!$BL$5:$CH$5,1,MATCH($BU15,INDEX(피벗!$BL:$CH,MATCH($E15,피벗!$BJ:$BJ,0),0),0)),"") | BU15: =IFERROR(LARGE(INDEX(피벗!$BL:$CH,MATCH(성장고객!$E15,피벗!$BJ:$BJ,0),0),2),"") | BV15: =IFERROR(BU15/$BB15,"") | BW15: =IFERROR(INDEX(피벗!$BL$5:$CH$5,1,MATCH($BX15,INDEX(피벗!$BL:$CH,MATCH($E15,피벗!$BJ:$BJ,0),0),0)),"") | BX15: =IFERROR(LARGE(INDEX(피벗!$BL:$CH,MATCH(성장고객!$E15,피벗!$BJ:$BJ,0),0),3),"") | BY15: =IFERROR(BX15/$BB15,"") | BZ15: =IFERROR(INDEX(피벗!$BL$5:$CH$5,1,MATCH($CA15,INDEX(피벗!$BL:$CH,MATCH($E15,피벗!$BJ:$BJ,0),0),0)),"") | CA15: =IFERROR(LARGE(INDEX(피벗!$BL:$CH,MATCH(성장고객!$E15,피벗!$BJ:$BJ,0),0),4),"") | CB15: =IFERROR(CA15/$BB15,"") | CC15: =IFERROR(INDEX(피벗!$BL$5:$CH$5,1,MATCH($CD15,INDEX(피벗!$BL:$CH,MATCH($E15,피벗!$BJ:$BJ,0),0),0)),"") | CD15: =IFERROR(LARGE(INDEX(피벗!$BL:$CH,MATCH(성장고객!$E15,피벗!$BJ:$BJ,0),0),5),"") | CE15: =IFERROR(CD15/$BB15,"") | CF15: =IFERROR(INDEX(피벗!$CI:$CI,MATCH($E15,피벗!$BJ:$BJ,0)),"") | CG15: =IFERROR(CF15/$BB15,"") | CH15: =IFERROR(INDEX(피벗!$EZ$5:$GE$5,1,MATCH($CI15,INDEX(피벗!$EZ:$GE,MATCH($E15,피벗!$EY:$EY,0),0),0)),"") -> 전용회선 | CI15: =IFERROR(LARGE(INDEX(피벗!$EZ:$GE,MATCH(성장고객!$E15,피벗!$EY:$EY,0),0),1),"") -> 6552000 | CJ15: =IFERROR(INDEX(피벗!$EZ$5:$GE$5,1,MATCH($CK15,INDEX(피벗!$EZ:$GE,MATCH($E15,피벗!$EY:$EY,0),0),0)),"") | CK15: =IFERROR(LARGE(INDEX(피벗!$EZ:$GE,MATCH(성장고객!$E15,피벗!$EY:$EY,0),0),2),"") | CL15: =IFERROR(INDEX(피벗!$EZ$5:$GE$5,1,MATCH($CM15,INDEX(피벗!$EZ:$GE,MATCH($E15,피벗!$EY:$EY,0),0),0)),"") | CM15: =IFERROR(LARGE(INDEX(피벗!$EZ:$GE,MATCH(성장고객!$E15,피벗!$EY:$EY,0),0),3),"") | CN15: =IFERROR(INDEX(피벗!$EZ$5:$GE$5,1,MATCH($CO15,INDEX(피벗!$EZ:$GE,MATCH($E15,피벗!$EY:$EY,0),0),0)),"") | CO15: =IFERROR(LARGE(INDEX(피벗!$EZ:$GE,MATCH(성장고객!$E15,피벗!$EY:$EY,0),0),4),"") | CP15: =IFERROR(INDEX(피벗!$EZ$5:$GE$5,1,MATCH($CQ15,INDEX(피벗!$EZ:$GE,MATCH($E15,피벗!$EY:$EY,0),0),0)),"") | CQ15: =IFERROR(LARGE(INDEX(피벗!$EZ:$GE,MATCH(성장고객!$E15,피벗!$EY:$EY,0),0),5),"") | CR15: =IFERROR(INDEX(피벗!$GF:$GF,MATCH($E15,피벗!$EY:$EY,0)),"") -> 6552000
A16: 경북법인고객담당 | B16: 법인고객영업2부 | C16: 법인고객영업1팀 | D16: 황성욱 | E16: 0CRMHVAHRCK | F16: 플라스틱옴니엄코리아뉴에너지 주식회사 | G16: 법인가치고객 | H16: 본사 | I16: 1358110399246 | J16: 5188801755 | K16: 본사 | L16: 정상 | O16: Retail/Service>서비스업>사업서비스업>연구소-공학 | P16: 11 | Q16: 소기업 | R16: 주식회사 | S16: 신규설립(개업) | T16: 정상 | U16: 경기 수원시 영통구 이의동 | V16: 906-5번지 경기알앤디비센터 312호, 313호 | W16: 031 888 5221 | X16: 자동차용 기구, 설비, 기계장치 | Y16: 경기 수원시 영통구 광교로 | Z16: 105, 312호, 313호 (이의동,경기알앤디비센터) | AA16: 33 | AB16: BB- | AC16: 그외 기타 자동차 부품 제조업 | AD16: 제조업 | AE16: {=IF(AF16="","",INDEX(전산회선!$E$4:$E$1141,_xlfn.AGGREGATE(15,6,ROW(전산회선!$E$4:$E$1141)-ROW(전산회선!$E$4)+1/((전산회선!$B$4:$B$1141=$E16)*(전산회선!$F$4:$F$1141=AF16)),1)))} -> 기업일반전화 | AF16: =IFERROR(IF(_xlfn.MAXIFS(전산회선!$F$4:$F$1141,전산회선!$B$4:$B$1141,$E16)=0,"",_xlfn.MAXIFS(전산회선!$F$4:$F$1141,전산회선!$B$4:$B$1141,$E16)),"") -> 4 | AG16: {=IF(AH16="","",INDEX(전산회선!$E$4:$E$1141,_xlfn.AGGREGATE(15,6,ROW(전산회선!$E$4:$E$1141)-ROW(전산회선!$E$4)+1/((전산회선!$B$4:$B$1141=$E16)*(전산회선!$F$4:$F$1141=AH16)),1)))} -> GiGA인터넷 | AH16: =IFERROR(IF(_xlfn.MAXIFS(전산회선!$F$4:$F$1141,전산회선!$B$4:$B$1141,$E16,전산회선!$F$4:$F$1141,"<"&AF16)=0,"",_xlfn.MAXIFS(전산회선!$F$4:$F$1141,전산회선!$B$4:$B$1141,$E16,전산회선!$F$4:$F$1141,"<"&AF16)),"") -> 3 | AI16: {=IF(AJ16="","",INDEX(전산회선!$E$4:$E$1141,_xlfn.AGGREGATE(15,6,ROW(전산회선!$E$4:$E$1141)-ROW(전산회선!$E$4)+1/((전산회선!$B$4:$B$1141=$E16)*(전산회선!$F$4:$F$1141=AJ16)),1)))} -> 기업인터넷전화 | AJ16: =IFERROR(IF(_xlfn.MAXIFS(전산회선!$F$4:$F$1141,전산회선!$B$4:$B$1141,$E16,전산회선!$F$4:$F$1141,"<"&AH16)=0,"",_xlfn.MAXIFS(전산회선!$F$4:$F$1141,전산회선!$B$4:$B$1141,$E16,전산회선!$F$4:$F$1141,"<"&AH16)),"") -> 2 | AK16: {=IF(AL16="","",INDEX(전산회선!$E$4:$E$1141,_xlfn.AGGREGATE(15,6,ROW(전산회선!$E$4:$E$1141)-ROW(전산회선!$E$4)+1/((전산회선!$B$4:$B$1141=$E16)*(전산회선!$F$4:$F$1141=AL16)),1)))} -> 홈일반전화 | AL16: =IFERROR(IF(_xlfn.MAXIFS(전산회선!$F$4:$F$1141,전산회선!$B$4:$B$1141,$E16,전산회선!$F$4:$F$1141,"<"&AJ16)=0,"",_xlfn.MAXIFS(전산회선!$F$4:$F$1141,전산회선!$B$4:$B$1141,$E16,전산회선!$F$4:$F$1141,"<"&AJ16)),"") -> 1 | AM16: {=IF(AN16="","",INDEX(전산회선!$E$4:$E$1141,_xlfn.AGGREGATE(15,6,ROW(전산회선!$E$4:$E$1141)-ROW(전산회선!$E$4)+1/((전산회선!$B$4:$B$1141=$E16)*(전산회선!$F$4:$F$1141=AN16)),1)))} | AN16: =IFERROR(IF(_xlfn.MAXIFS(전산회선!$F$4:$F$1141,전산회선!$B$4:$B$1141,$E16,전산회선!$F$4:$F$1141,"<"&AL16)=0,"",_xlfn.MAXIFS(전산회선!$F$4:$F$1141,전산회선!$B$4:$B$1141,$E16,전산회선!$F$4:$F$1141,"<"&AL16)),"") | AO16: 426346 | AP16: 419186 | AQ16: 432795 | AR16: 432722 | AS16: 432757 | AT16: 432722 | AU16: 440626 | AV16: 426462 | AW16: 418816 | AX16: 418686 | AY16: 418686 | AZ16: 418686 | BA16: 426540.83 | BB16: =SUM(AO16:AZ16) -> 5118490 | BC16: 0 | BD16: 500 | BE16: 14000 | BF16: 14000 | BG16: 14000 | BH16: 14000 | BI16: 14280 | BJ16: 0 | BK16: 0 | BL16: 0 | BM16: 0 | BN16: 0 | BO16: 5898.3333 | BP16: 70780 | BQ16: =IFERROR(INDEX(피벗!$BL$5:$CH$5,1,MATCH($BR16,INDEX(피벗!$BL:$CH,MATCH($E16,피벗!$BJ:$BJ,0),0),0)),"") -> IoT | BR16: =IFERROR(LARGE(INDEX(피벗!$BL:$CH,MATCH(성장고객!$E16,피벗!$BJ:$BJ,0),0),1),"") -> 70780 | BS16: =IFERROR(BR16/$BB16,"") -> 0.013828297 | BT16: =IFERROR(INDEX(피벗!$BL$5:$CH$5,1,MATCH($BU16,INDEX(피벗!$BL:$CH,MATCH($E16,피벗!$BJ:$BJ,0),0),0)),"") | BU16: =IFERROR(LARGE(INDEX(피벗!$BL:$CH,MATCH(성장고객!$E16,피벗!$BJ:$BJ,0),0),2),"") | BV16: =IFERROR(BU16/$BB16,"") | BW16: =IFERROR(INDEX(피벗!$BL$5:$CH$5,1,MATCH($BX16,INDEX(피벗!$BL:$CH,MATCH($E16,피벗!$BJ:$BJ,0),0),0)),"") | BX16: =IFERROR(LARGE(INDEX(피벗!$BL:$CH,MATCH(성장고객!$E16,피벗!$BJ:$BJ,0),0),3),"") | BY16: =IFERROR(BX16/$BB16,"") | BZ16: =IFERROR(INDEX(피벗!$BL$5:$CH$5,1,MATCH($CA16,INDEX(피벗!$BL:$CH,MATCH($E16,피벗!$BJ:$BJ,0),0),0)),"") | CA16: =IFERROR(LARGE(INDEX(피벗!$BL:$CH,MATCH(성장고객!$E16,피벗!$BJ:$BJ,0),0),4),"") | CB16: =IFERROR(CA16/$BB16,"") | CC16: =IFERROR(INDEX(피벗!$BL$5:$CH$5,1,MATCH($CD16,INDEX(피벗!$BL:$CH,MATCH($E16,피벗!$BJ:$BJ,0),0),0)),"") | CD16: =IFERROR(LARGE(INDEX(피벗!$BL:$CH,MATCH(성장고객!$E16,피벗!$BJ:$BJ,0),0),5),"") | CE16: =IFERROR(CD16/$BB16,"") | CF16: =IFERROR(INDEX(피벗!$CI:$CI,MATCH($E16,피벗!$BJ:$BJ,0)),"") -> 70780 | CG16: =IFERROR(CF16/$BB16,"") -> 0.013828297 | CH16: =IFERROR(INDEX(피벗!$EZ$5:$GE$5,1,MATCH($CI16,INDEX(피벗!$EZ:$GE,MATCH($E16,피벗!$EY:$EY,0),0),0)),"") -> 인터넷부가 | CI16: =IFERROR(LARGE(INDEX(피벗!$EZ:$GE,MATCH(성장고객!$E16,피벗!$EY:$EY,0),0),1),"") -> 3034632 | CJ16: =IFERROR(INDEX(피벗!$EZ$5:$GE$5,1,MATCH($CK16,INDEX(피벗!$EZ:$GE,MATCH($E16,피벗!$EY:$EY,0),0),0)),"") -> GiGA인터넷 | CK16: =IFERROR(LARGE(INDEX(피벗!$EZ:$GE,MATCH(성장고객!$E16,피벗!$EY:$EY,0),0),2),"") -> 1596000 | CL16: =IFERROR(INDEX(피벗!$EZ$5:$GE$5,1,MATCH($CM16,INDEX(피벗!$EZ:$GE,MATCH($E16,피벗!$EY:$EY,0),0),0)),"") -> 기업일반전화 | CM16: =IFERROR(LARGE(INDEX(피벗!$EZ:$GE,MATCH(성장고객!$E16,피벗!$EY:$EY,0),0),3),"") -> 192252 | CN16: =IFERROR(INDEX(피벗!$EZ$5:$GE$5,1,MATCH($CO16,INDEX(피벗!$EZ:$GE,MATCH($E16,피벗!$EY:$EY,0),0),0)),"") -> 기업인터넷전화 | CO16: =IFERROR(LARGE(INDEX(피벗!$EZ:$GE,MATCH(성장고객!$E16,피벗!$EY:$EY,0),0),4),"") -> 135600 | CP16: =IFERROR(INDEX(피벗!$EZ$5:$GE$5,1,MATCH($CQ16,INDEX(피벗!$EZ:$GE,MATCH($E16,피벗!$EY:$EY,0),0),0)),"") -> IoT | CQ16: =IFERROR(LARGE(INDEX(피벗!$EZ:$GE,MATCH(성장고객!$E16,피벗!$EY:$EY,0),0),5),"") -> 70780 | CR16: =IFERROR(INDEX(피벗!$GF:$GF,MATCH($E16,피벗!$EY:$EY,0)),"") -> 5118490
A17: 경북법인고객담당 | B17: 법인고객영업1부 | C17: 법인고객영업2팀 | D17: 서유정 | E17: L0000009723 | F17: 풍기특산물영농조합법인 | G17: 법인가치고객 | H17: 본사 | I17: 1756710000083 | J17: 5128104610 | AE17: {=IF(AF17="","",INDEX(전산회선!$E$4:$E$1141,_xlfn.AGGREGATE(15,6,ROW(전산회선!$E$4:$E$1141)-ROW(전산회선!$E$4)+1/((전산회선!$B$4:$B$1141=$E17)*(전산회선!$F$4:$F$1141=AF17)),1)))} -> 기업인터넷전화 | AF17: =IFERROR(IF(_xlfn.MAXIFS(전산회선!$F$4:$F$1141,전산회선!$B$4:$B$1141,$E17)=0,"",_xlfn.MAXIFS(전산회선!$F$4:$F$1141,전산회선!$B$4:$B$1141,$E17)),"") -> 30 | AG17: {=IF(AH17="","",INDEX(전산회선!$E$4:$E$1141,_xlfn.AGGREGATE(15,6,ROW(전산회선!$E$4:$E$1141)-ROW(전산회선!$E$4)+1/((전산회선!$B$4:$B$1141=$E17)*(전산회선!$F$4:$F$1141=AH17)),1)))} -> GTV | AH17: =IFERROR(IF(_xlfn.MAXIFS(전산회선!$F$4:$F$1141,전산회선!$B$4:$B$1141,$E17,전산회선!$F$4:$F$1141,"<"&AF17)=0,"",_xlfn.MAXIFS(전산회선!$F$4:$F$1141,전산회선!$B$4:$B$1141,$E17,전산회선!$F$4:$F$1141,"<"&AF17)),"") -> 7 | AI17: {=IF(AJ17="","",INDEX(전산회선!$E$4:$E$1141,_xlfn.AGGREGATE(15,6,ROW(전산회선!$E$4:$E$1141)-ROW(전산회선!$E$4)+1/((전산회선!$B$4:$B$1141=$E17)*(전산회선!$F$4:$F$1141=AJ17)),1)))} -> 5G | AJ17: =IFERROR(IF(_xlfn.MAXIFS(전산회선!$F$4:$F$1141,전산회선!$B$4:$B$1141,$E17,전산회선!$F$4:$F$1141,"<"&AH17)=0,"",_xlfn.MAXIFS(전산회선!$F$4:$F$1141,전산회선!$B$4:$B$1141,$E17,전산회선!$F$4:$F$1141,"<"&AH17)),"") -> 6 | AK17: {=IF(AL17="","",INDEX(전산회선!$E$4:$E$1141,_xlfn.AGGREGATE(15,6,ROW(전산회선!$E$4:$E$1141)-ROW(전산회선!$E$4)+1/((전산회선!$B$4:$B$1141=$E17)*(전산회선!$F$4:$F$1141=AL17)),1)))} -> 기업일반전화 | AL17: =IFERROR(IF(_xlfn.MAXIFS(전산회선!$F$4:$F$1141,전산회선!$B$4:$B$1141,$E17,전산회선!$F$4:$F$1141,"<"&AJ17)=0,"",_xlfn.MAXIFS(전산회선!$F$4:$F$1141,전산회선!$B$4:$B$1141,$E17,전산회선!$F$4:$F$1141,"<"&AJ17)),"") -> 4 | AM17: {=IF(AN17="","",INDEX(전산회선!$E$4:$E$1141,_xlfn.AGGREGATE(15,6,ROW(전산회선!$E$4:$E$1141)-ROW(전산회선!$E$4)+1/((전산회선!$B$4:$B$1141=$E17)*(전산회선!$F$4:$F$1141=AN17)),1)))} -> LTE | AN17: =IFERROR(IF(_xlfn.MAXIFS(전산회선!$F$4:$F$1141,전산회선!$B$4:$B$1141,$E17,전산회선!$F$4:$F$1141,"<"&AL17)=0,"",_xlfn.MAXIFS(전산회선!$F$4:$F$1141,전산회선!$B$4:$B$1141,$E17,전산회선!$F$4:$F$1141,"<"&AL17)),"") -> 2 | AO17: 1045104.5 | AP17: 1040757.9 | AQ17: 1033032.8 | AR17: 1076162.8 | AS17: 910276.77 | AT17: 759229.77 | AU17: 701544.77 | AV17: 713068.77 | AW17: 717006.77 | AX17: 708695.77 | AY17: 689233.77 | AZ17: 708472.77 | BA17: 841882.26 | BB17: =SUM(AO17:AZ17) -> 10102587 | BC17: 0 | BD17: 0 | BE17: 0 | BF17: 0 | BG17: 0 | BH17: 0 | BI17: 0 | BJ17: 0 | BK17: 0 | BL17: 0 | BM17: 0 | BN17: 0 | BO17: 0 | BP17: 0 | BQ17: =IFERROR(INDEX(피벗!$BL$5:$CH$5,1,MATCH($BR17,INDEX(피벗!$BL:$CH,MATCH($E17,피벗!$BJ:$BJ,0),0),0)),"") | BR17: =IFERROR(LARGE(INDEX(피벗!$BL:$CH,MATCH(성장고객!$E17,피벗!$BJ:$BJ,0),0),1),"") | BS17: =IFERROR(BR17/$BB17,"") | BT17: =IFERROR(INDEX(피벗!$BL$5:$CH$5,1,MATCH($BU17,INDEX(피벗!$BL:$CH,MATCH($E17,피벗!$BJ:$BJ,0),0),0)),"") | BU17: =IFERROR(LARGE(INDEX(피벗!$BL:$CH,MATCH(성장고객!$E17,피벗!$BJ:$BJ,0),0),2),"") | BV17: =IFERROR(BU17/$BB17,"") | BW17: =IFERROR(INDEX(피벗!$BL$5:$CH$5,1,MATCH($BX17,INDEX(피벗!$BL:$CH,MATCH($E17,피벗!$BJ:$BJ,0),0),0)),"") | BX17: =IFERROR(LARGE(INDEX(피벗!$BL:$CH,MATCH(성장고객!$E17,피벗!$BJ:$BJ,0),0),3),"") | BY17: =IFERROR(BX17/$BB17,"") | BZ17: =IFERROR(INDEX(피벗!$BL$5:$CH$5,1,MATCH($CA17,INDEX(피벗!$BL:$CH,MATCH($E17,피벗!$BJ:$BJ,0),0),0)),"") | CA17: =IFERROR(LARGE(INDEX(피벗!$BL:$CH,MATCH(성장고객!$E17,피벗!$BJ:$BJ,0),0),4),"") | CB17: =IFERROR(CA17/$BB17,"") | CC17: =IFERROR(INDEX(피벗!$BL$5:$CH$5,1,MATCH($CD17,INDEX(피벗!$BL:$CH,MATCH($E17,피벗!$BJ:$BJ,0),0),0)),"") | CD17: =IFERROR(LARGE(INDEX(피벗!$BL:$CH,MATCH(성장고객!$E17,피벗!$BJ:$BJ,0),0),5),"") | CE17: =IFERROR(CD17/$BB17,"") | CF17: =IFERROR(INDEX(피벗!$CI:$CI,MATCH($E17,피벗!$BJ:$BJ,0)),"") | CG17: =IFERROR(CF17/$BB17,"") | CH17: =IFERROR(INDEX(피벗!$EZ$5:$GE$5,1,MATCH($CI17,INDEX(피벗!$EZ:$GE,MATCH($E17,피벗!$EY:$EY,0),0),0)),"") -> 5G | CI17: =IFERROR(LARGE(INDEX(피벗!$EZ:$GE,MATCH(성장고객!$E17,피벗!$EY:$EY,0),0),1),"") -> 2280640.1 | CJ17: =IFERROR(INDEX(피벗!$EZ$5:$GE$5,1,MATCH($CK17,INDEX(피벗!$EZ:$GE,MATCH($E17,피벗!$EY:$EY,0),0),0)),"") -> LTE | CK17: =IFERROR(LARGE(INDEX(피벗!$EZ:$GE,MATCH(성장고객!$E17,피벗!$EY:$EY,0),0),2),"") -> 1391859 | CL17: =IFERROR(INDEX(피벗!$EZ$5:$GE$5,1,MATCH($CM17,INDEX(피벗!$EZ:$GE,MATCH($E17,피벗!$EY:$EY,0),0),0)),"") -> 기업일반전화 | CM17: =IFERROR(LARGE(INDEX(피벗!$EZ:$GE,MATCH(성장고객!$E17,피벗!$EY:$EY,0),0),3),"") -> 1348569 | CN17: =IFERROR(INDEX(피벗!$EZ$5:$GE$5,1,MATCH($CO17,INDEX(피벗!$EZ:$GE,MATCH($E17,피벗!$EY:$EY,0),0),0)),"") -> GiGA인터넷 | CO17: =IFERROR(LARGE(INDEX(피벗!$EZ:$GE,MATCH(성장고객!$E17,피벗!$EY:$EY,0),0),4),"") -> 1204344 | CP17: =IFERROR(INDEX(피벗!$EZ$5:$GE$5,1,MATCH($CQ17,INDEX(피벗!$EZ:$GE,MATCH($E17,피벗!$EY:$EY,0),0),0)),"") -> 기업인터넷전화 | CQ17: =IFERROR(LARGE(INDEX(피벗!$EZ:$GE,MATCH(성장고객!$E17,피벗!$EY:$EY,0),0),5),"") -> 812363 | CR17: =IFERROR(INDEX(피벗!$GF:$GF,MATCH($E17,피벗!$EY:$EY,0)),"") -> 10102587
A18: 경북법인고객담당 | B18: 법인고객영업1부 | C18: 법인고객영업2팀 | D18: 서유정 | E18: A0001597936 | F18: 풍기인삼협동조합 서울사무소 | G18: 법인가치고객 | H18: 본사 | I18: 1756710001536 | J18: 5128200019 | AE18: {=IF(AF18="","",INDEX(전산회선!$E$4:$E$1141,_xlfn.AGGREGATE(15,6,ROW(전산회선!$E$4:$E$1141)-ROW(전산회선!$E$4)+1/((전산회선!$B$4:$B$1141=$E18)*(전산회선!$F$4:$F$1141=AF18)),1)))} -> 기업인터넷전화 | AF18: =IFERROR(IF(_xlfn.MAXIFS(전산회선!$F$4:$F$1141,전산회선!$B$4:$B$1141,$E18)=0,"",_xlfn.MAXIFS(전산회선!$F$4:$F$1141,전산회선!$B$4:$B$1141,$E18)),"") -> 43 | AG18: {=IF(AH18="","",INDEX(전산회선!$E$4:$E$1141,_xlfn.AGGREGATE(15,6,ROW(전산회선!$E$4:$E$1141)-ROW(전산회선!$E$4)+1/((전산회선!$B$4:$B$1141=$E18)*(전산회선!$F$4:$F$1141=AH18)),1)))} -> 홈일반전화 | AH18: =IFERROR(IF(_xlfn.MAXIFS(전산회선!$F$4:$F$1141,전산회선!$B$4:$B$1141,$E18,전산회선!$F$4:$F$1141,"<"&AF18)=0,"",_xlfn.MAXIFS(전산회선!$F$4:$F$1141,전산회선!$B$4:$B$1141,$E18,전산회선!$F$4:$F$1141,"<"&AF18)),"") -> 11 | AI18: {=IF(AJ18="","",INDEX(전산회선!$E$4:$E$1141,_xlfn.AGGREGATE(15,6,ROW(전산회선!$E$4:$E$1141)-ROW(전산회선!$E$4)+1/((전산회선!$B$4:$B$1141=$E18)*(전산회선!$F$4:$F$1141=AJ18)),1)))} -> GTV | AJ18: =IFERROR(IF(_xlfn.MAXIFS(전산회선!$F$4:$F$1141,전산회선!$B$4:$B$1141,$E18,전산회선!$F$4:$F$1141,"<"&AH18)=0,"",_xlfn.MAXIFS(전산회선!$F$4:$F$1141,전산회선!$B$4:$B$1141,$E18,전산회선!$F$4:$F$1141,"<"&AH18)),"") -> 3 | AK18: {=IF(AL18="","",INDEX(전산회선!$E$4:$E$1141,_xlfn.AGGREGATE(15,6,ROW(전산회선!$E$4:$E$1141)-ROW(전산회선!$E$4)+1/((전산회선!$B$4:$B$1141=$E18)*(전산회선!$F$4:$F$1141=AL18)),1)))} -> MeGA인터넷 | AL18: =IFERROR(IF(_xlfn.MAXIFS(전산회선!$F$4:$F$1141,전산회선!$B$4:$B$1141,$E18,전산회선!$F$4:$F$1141,"<"&AJ18)=0,"",_xlfn.MAXIFS(전산회선!$F$4:$F$1141,전산회선!$B$4:$B$1141,$E18,전산회선!$F$4:$F$1141,"<"&AJ18)),"") -> 2 | AM18: {=IF(AN18="","",INDEX(전산회선!$E$4:$E$1141,_xlfn.AGGREGATE(15,6,ROW(전산회선!$E$4:$E$1141)-ROW(전산회선!$E$4)+1/((전산회선!$B$4:$B$1141=$E18)*(전산회선!$F$4:$F$1141=AN18)),1)))} | AN18: =IFERROR(IF(_xlfn.MAXIFS(전산회선!$F$4:$F$1141,전산회선!$B$4:$B$1141,$E18,전산회선!$F$4:$F$1141,"<"&AL18)=0,"",_xlfn.MAXIFS(전산회선!$F$4:$F$1141,전산회선!$B$4:$B$1141,$E18,전산회선!$F$4:$F$1141,"<"&AL18)),"") | AO18: 458923.97 | AP18: 464360.67 | AQ18: 487074 | AR18: 475356.42 | AS18: 453644.26 | AT18: 463204.92 | AU18: 425368.57 | AV18: 405710.71 | AW18: 411316.31 | AX18: 419860.15 | AY18: 403785.55 | AZ18: 393898.89 | BA18: 438542.03 | BB18: =SUM(AO18:AZ18) -> 5262504.4 | BC18: 0 | BD18: 0 | BE18: 0 | BF18: 0 | BG18: 0 | BH18: 0 | BI18: 1000 | BJ18: 1000 | BK18: 1000 | BL18: 1000 | BM18: 1000 | BN18: 1000 | BO18: 500 | BP18: 6000 | BQ18: =IFERROR(INDEX(피벗!$BL$5:$CH$5,1,MATCH($BR18,INDEX(피벗!$BL:$CH,MATCH($E18,피벗!$BJ:$BJ,0),0),0)),"") -> 기업인터넷전화 | BR18: =IFERROR(LARGE(INDEX(피벗!$BL:$CH,MATCH(성장고객!$E18,피벗!$BJ:$BJ,0),0),1),"") -> 6000 | BS18: =IFERROR(BR18/$BB18,"") -> 0.0011401416 | BT18: =IFERROR(INDEX(피벗!$BL$5:$CH$5,1,MATCH($BU18,INDEX(피벗!$BL:$CH,MATCH($E18,피벗!$BJ:$BJ,0),0),0)),"") | BU18: =IFERROR(LARGE(INDEX(피벗!$BL:$CH,MATCH(성장고객!$E18,피벗!$BJ:$BJ,0),0),2),"") | BV18: =IFERROR(BU18/$BB18,"") | BW18: =IFERROR(INDEX(피벗!$BL$5:$CH$5,1,MATCH($BX18,INDEX(피벗!$BL:$CH,MATCH($E18,피벗!$BJ:$BJ,0),0),0)),"") | BX18: =IFERROR(LARGE(INDEX(피벗!$BL:$CH,MATCH(성장고객!$E18,피벗!$BJ:$BJ,0),0),3),"") | BY18: =IFERROR(BX18/$BB18,"") | BZ18: =IFERROR(INDEX(피벗!$BL$5:$CH$5,1,MATCH($CA18,INDEX(피벗!$BL:$CH,MATCH($E18,피벗!$BJ:$BJ,0),0),0)),"") | CA18: =IFERROR(LARGE(INDEX(피벗!$BL:$CH,MATCH(성장고객!$E18,피벗!$BJ:$BJ,0),0),4),"") | CB18: =IFERROR(CA18/$BB18,"") | CC18: =IFERROR(INDEX(피벗!$BL$5:$CH$5,1,MATCH($CD18,INDEX(피벗!$BL:$CH,MATCH($E18,피벗!$BJ:$BJ,0),0),0)),"") | CD18: =IFERROR(LARGE(INDEX(피벗!$BL:$CH,MATCH(성장고객!$E18,피벗!$BJ:$BJ,0),0),5),"") | CE18: =IFERROR(CD18/$BB18,"") | CF18: =IFERROR(INDEX(피벗!$CI:$CI,MATCH($E18,피벗!$BJ:$BJ,0)),"") -> 6000 | CG18: =IFERROR(CF18/$BB18,"") -> 0.0011401416 | CH18: =IFERROR(INDEX(피벗!$EZ$5:$GE$5,1,MATCH($CI18,INDEX(피벗!$EZ:$GE,MATCH($E18,피벗!$EY:$EY,0),0),0)),"") -> 기업인터넷전화 | CI18: =IFERROR(LARGE(INDEX(피벗!$EZ:$GE,MATCH(성장고객!$E18,피벗!$EY:$EY,0),0),1),"") -> 1202569 | CJ18: =IFERROR(INDEX(피벗!$EZ$5:$GE$5,1,MATCH($CK18,INDEX(피벗!$EZ:$GE,MATCH($E18,피벗!$EY:$EY,0),0),0)),"") -> 홈일반전화 | CK18: =IFERROR(LARGE(INDEX(피벗!$EZ:$GE,MATCH(성장고객!$E18,피벗!$EY:$EY,0),0),2),"") -> 893832 | CL18: =IFERROR(INDEX(피벗!$EZ$5:$GE$5,1,MATCH($CM18,INDEX(피벗!$EZ:$GE,MATCH($E18,피벗!$EY:$EY,0),0),0)),"") -> GiGA인터넷 | CM18: =IFERROR(LARGE(INDEX(피벗!$EZ:$GE,MATCH(성장고객!$E18,피벗!$EY:$EY,0),0),3),"") -> 871800 | CN18: =IFERROR(INDEX(피벗!$EZ$5:$GE$5,1,MATCH($CO18,INDEX(피벗!$EZ:$GE,MATCH($E18,피벗!$EY:$EY,0),0),0)),"") -> MeGA인터넷 | CO18: =IFERROR(LARGE(INDEX(피벗!$EZ:$GE,MATCH(성장고객!$E18,피벗!$EY:$EY,0),0),4),"") -> 770947 | CP18: =IFERROR(INDEX(피벗!$EZ$5:$GE$5,1,MATCH($CQ18,INDEX(피벗!$EZ:$GE,MATCH($E18,피벗!$EY:$EY,0),0),0)),"") -> AI기업지능망 | CQ18: =IFERROR(LARGE(INDEX(피벗!$EZ:$GE,MATCH(성장고객!$E18,피벗!$EY:$EY,0),0),5),"") -> 469659.42 | CR18: =IFERROR(INDEX(피벗!$GF:$GF,MATCH($E18,피벗!$EY:$EY,0)),"") -> 5262504.4
A19: 경북법인고객담당 | B19: 법인고객영업2부 | C19: 법인고객영업2팀 | D19: 이대석 | E19: L0000047770 | F19: 포항축협흥해지소 | G19: 법인가치고객 | H19: 본사 | AE19: {=IF(AF19="","",INDEX(전산회선!$E$4:$E$1141,_xlfn.AGGREGATE(15,6,ROW(전산회선!$E$4:$E$1141)-ROW(전산회선!$E$4)+1/((전산회선!$B$4:$B$1141=$E19)*(전산회선!$F$4:$F$1141=AF19)),1)))} -> 홈일반전화 | AF19: =IFERROR(IF(_xlfn.MAXIFS(전산회선!$F$4:$F$1141,전산회선!$B$4:$B$1141,$E19)=0,"",_xlfn.MAXIFS(전산회선!$F$4:$F$1141,전산회선!$B$4:$B$1141,$E19)),"") -> 7 | AG19: {=IF(AH19="","",INDEX(전산회선!$E$4:$E$1141,_xlfn.AGGREGATE(15,6,ROW(전산회선!$E$4:$E$1141)-ROW(전산회선!$E$4)+1/((전산회선!$B$4:$B$1141=$E19)*(전산회선!$F$4:$F$1141=AH19)),1)))} -> 기업인터넷전화 | AH19: =IFERROR(IF(_xlfn.MAXIFS(전산회선!$F$4:$F$1141,전산회선!$B$4:$B$1141,$E19,전산회선!$F$4:$F$1141,"<"&AF19)=0,"",_xlfn.MAXIFS(전산회선!$F$4:$F$1141,전산회선!$B$4:$B$1141,$E19,전산회선!$F$4:$F$1141,"<"&AF19)),"") -> 5 | AI19: {=IF(AJ19="","",INDEX(전산회선!$E$4:$E$1141,_xlfn.AGGREGATE(15,6,ROW(전산회선!$E$4:$E$1141)-ROW(전산회선!$E$4)+1/((전산회선!$B$4:$B$1141=$E19)*(전산회선!$F$4:$F$1141=AJ19)),1)))} -> MeGA인터넷 | AJ19: =IFERROR(IF(_xlfn.MAXIFS(전산회선!$F$4:$F$1141,전산회선!$B$4:$B$1141,$E19,전산회선!$F$4:$F$1141,"<"&AH19)=0,"",_xlfn.MAXIFS(전산회선!$F$4:$F$1141,전산회선!$B$4:$B$1141,$E19,전산회선!$F$4:$F$1141,"<"&AH19)),"") -> 4 | AK19: {=IF(AL19="","",INDEX(전산회선!$E$4:$E$1141,_xlfn.AGGREGATE(15,6,ROW(전산회선!$E$4:$E$1141)-ROW(전산회선!$E$4)+1/((전산회선!$B$4:$B$1141=$E19)*(전산회선!$F$4:$F$1141=AL19)),1)))} -> GTV | AL19: =IFERROR(IF(_xlfn.MAXIFS(전산회선!$F$4:$F$1141,전산회선!$B$4:$B$1141,$E19,전산회선!$F$4:$F$1141,"<"&AJ19)=0,"",_xlfn.MAXIFS(전산회선!$F$4:$F$1141,전산회선!$B$4:$B$1141,$E19,전산회선!$F$4:$F$1141,"<"&AJ19)),"") -> 2 | AM19: {=IF(AN19="","",INDEX(전산회선!$E$4:$E$1141,_xlfn.AGGREGATE(15,6,ROW(전산회선!$E$4:$E$1141)-ROW(전산회선!$E$4)+1/((전산회선!$B$4:$B$1141=$E19)*(전산회선!$F$4:$F$1141=AN19)),1)))} | AN19: =IFERROR(IF(_xlfn.MAXIFS(전산회선!$F$4:$F$1141,전산회선!$B$4:$B$1141,$E19,전산회선!$F$4:$F$1141,"<"&AL19)=0,"",_xlfn.MAXIFS(전산회선!$F$4:$F$1141,전산회선!$B$4:$B$1141,$E19,전산회선!$F$4:$F$1141,"<"&AL19)),"") | AO19: 947255 | AP19: 937249 | AQ19: 935286 | AR19: 1141651 | AS19: 927039 | AT19: 935178 | AU19: 943011 | AV19: 931891 | AW19: 1072605 | AX19: 1011893 | AY19: 1010399 | AZ19: 1026405 | BA19: 984988.5 | BB19: =SUM(AO19:AZ19) -> 11819862 | BC19: 0 | BD19: 0 | BE19: 0 | BF19: 4465 | BG19: 18221 | BH19: 22496 | BI19: 19364 | BJ19: 19538 | BK19: 156023 | BL19: 120432 | BM19: 120318 | BN19: 118443 | BO19: 49941.667 | BP19: 599300 | BQ19: =IFERROR(INDEX(피벗!$BL$5:$CH$5,1,MATCH($BR19,INDEX(피벗!$BL:$CH,MATCH($E19,피벗!$BJ:$BJ,0),0),0)),"") -> 기업인터넷전화 | BR19: =IFERROR(LARGE(INDEX(피벗!$BL:$CH,MATCH(성장고객!$E19,피벗!$BJ:$BJ,0),0),1),"") -> 235712 | BS19: =IFERROR(BR19/$BB19,"") -> 0.019942026 | BT19: =IFERROR(INDEX(피벗!$BL$5:$CH$5,1,MATCH($BU19,INDEX(피벗!$BL:$CH,MATCH($E19,피벗!$BJ:$BJ,0),0),0)),"") -> 홈일반전화 | BU19: =IFERROR(LARGE(INDEX(피벗!$BL:$CH,MATCH(성장고객!$E19,피벗!$BJ:$BJ,0),0),2),"") -> 108731 | BV19: =IFERROR(BU19/$BB19,"") -> 0.0091990076 | BW19: =IFERROR(INDEX(피벗!$BL$5:$CH$5,1,MATCH($BX19,INDEX(피벗!$BL:$CH,MATCH($E19,피벗!$BJ:$BJ,0),0),0)),"") -> IoT | BX19: =IFERROR(LARGE(INDEX(피벗!$BL:$CH,MATCH(성장고객!$E19,피벗!$BJ:$BJ,0),0),3),"") -> 85387 | BY19: =IFERROR(BX19/$BB19,"") -> 0.0072240268 | BZ19: =IFERROR(INDEX(피벗!$BL$5:$CH$5,1,MATCH($CA19,INDEX(피벗!$BL:$CH,MATCH($E19,피벗!$BJ:$BJ,0),0),0)),"") -> GiGA인터넷 | CA19: =IFERROR(LARGE(INDEX(피벗!$BL:$CH,MATCH(성장고객!$E19,피벗!$BJ:$BJ,0),0),4),"") -> 64924 | CB19: =IFERROR(CA19/$BB19,"") -> 0.0054927883 | CC19: =IFERROR(INDEX(피벗!$BL$5:$CH$5,1,MATCH($CD19,INDEX(피벗!$BL:$CH,MATCH($E19,피벗!$BJ:$BJ,0),0),0)),"") -> MeGA인터넷 | CD19: =IFERROR(LARGE(INDEX(피벗!$BL:$CH,MATCH(성장고객!$E19,피벗!$BJ:$BJ,0),0),5),"") -> 61174 | CE19: =IFERROR(CD19/$BB19,"") -> 0.0051755257 | CF19: =IFERROR(INDEX(피벗!$CI:$CI,MATCH($E19,피벗!$BJ:$BJ,0)),"") -> 599300 | CG19: =IFERROR(CF19/$BB19,"") -> 0.050702792 | CH19: =IFERROR(INDEX(피벗!$EZ$5:$GE$5,1,MATCH($CI19,INDEX(피벗!$EZ:$GE,MATCH($E19,피벗!$EY:$EY,0),0),0)),"") -> 홈일반전화 | CI19: =IFERROR(LARGE(INDEX(피벗!$EZ:$GE,MATCH(성장고객!$E19,피벗!$EY:$EY,0),0),1),"") -> 4144855 | CJ19: =IFERROR(INDEX(피벗!$EZ$5:$GE$5,1,MATCH($CK19,INDEX(피벗!$EZ:$GE,MATCH($E19,피벗!$EY:$EY,0),0),0)),"") -> GiGA인터넷 | CK19: =IFERROR(LARGE(INDEX(피벗!$EZ:$GE,MATCH(성장고객!$E19,피벗!$EY:$EY,0),0),2),"") -> 1762799 | CL19: =IFERROR(INDEX(피벗!$EZ$5:$GE$5,1,MATCH($CM19,INDEX(피벗!$EZ:$GE,MATCH($E19,피벗!$EY:$EY,0),0),0)),"") -> 전용회선 | CM19: =IFERROR(LARGE(INDEX(피벗!$EZ:$GE,MATCH(성장고객!$E19,피벗!$EY:$EY,0),0),3),"") -> 1735200 | CN19: =IFERROR(INDEX(피벗!$EZ$5:$GE$5,1,MATCH($CO19,INDEX(피벗!$EZ:$GE,MATCH($E19,피벗!$EY:$EY,0),0),0)),"") -> MeGA인터넷 | CO19: =IFERROR(LARGE(INDEX(피벗!$EZ:$GE,MATCH(성장고객!$E19,피벗!$EY:$EY,0),0),4),"") -> 1542333 | CP19: =IFERROR(INDEX(피벗!$EZ$5:$GE$5,1,MATCH($CQ19,INDEX(피벗!$EZ:$GE,MATCH($E19,피벗!$EY:$EY,0),0),0)),"") -> 기업인터넷전화 | CQ19: =IFERROR(LARGE(INDEX(피벗!$EZ:$GE,MATCH(성장고객!$E19,피벗!$EY:$EY,0),0),5),"") -> 955782 | CR19: =IFERROR(INDEX(피벗!$GF:$GF,MATCH($E19,피벗!$EY:$EY,0)),"") -> 11819862
A20: 경북법인고객담당 | B20: 법인고객영업2부 | C20: 법인고객영업2팀 | D20: 이대석 | E20: A0001244134 | F20: 포항중앙교회 | G20: 법인가치고객 | H20: 본사 | AE20: {=IF(AF20="","",INDEX(전산회선!$E$4:$E$1141,_xlfn.AGGREGATE(15,6,ROW(전산회선!$E$4:$E$1141)-ROW(전산회선!$E$4)+1/((전산회선!$B$4:$B$1141=$E20)*(전산회선!$F$4:$F$1141=AF20)),1)))} -> 기업인터넷전화 | AF20: =IFERROR(IF(_xlfn.MAXIFS(전산회선!$F$4:$F$1141,전산회선!$B$4:$B$1141,$E20)=0,"",_xlfn.MAXIFS(전산회선!$F$4:$F$1141,전산회선!$B$4:$B$1141,$E20)),"") -> 35 | AG20: {=IF(AH20="","",INDEX(전산회선!$E$4:$E$1141,_xlfn.AGGREGATE(15,6,ROW(전산회선!$E$4:$E$1141)-ROW(전산회선!$E$4)+1/((전산회선!$B$4:$B$1141=$E20)*(전산회선!$F$4:$F$1141=AH20)),1)))} -> 기업일반전화 | AH20: =IFERROR(IF(_xlfn.MAXIFS(전산회선!$F$4:$F$1141,전산회선!$B$4:$B$1141,$E20,전산회선!$F$4:$F$1141,"<"&AF20)=0,"",_xlfn.MAXIFS(전산회선!$F$4:$F$1141,전산회선!$B$4:$B$1141,$E20,전산회선!$F$4:$F$1141,"<"&AF20)),"") -> 15 | AI20: {=IF(AJ20="","",INDEX(전산회선!$E$4:$E$1141,_xlfn.AGGREGATE(15,6,ROW(전산회선!$E$4:$E$1141)-ROW(전산회선!$E$4)+1/((전산회선!$B$4:$B$1141=$E20)*(전산회선!$F$4:$F$1141=AJ20)),1)))} -> 홈일반전화 | AJ20: =IFERROR(IF(_xlfn.MAXIFS(전산회선!$F$4:$F$1141,전산회선!$B$4:$B$1141,$E20,전산회선!$F$4:$F$1141,"<"&AH20)=0,"",_xlfn.MAXIFS(전산회선!$F$4:$F$1141,전산회선!$B$4:$B$1141,$E20,전산회선!$F$4:$F$1141,"<"&AH20)),"") -> 11 | AK20: {=IF(AL20="","",INDEX(전산회선!$E$4:$E$1141,_xlfn.AGGREGATE(15,6,ROW(전산회선!$E$4:$E$1141)-ROW(전산회선!$E$4)+1/((전산회선!$B$4:$B$1141=$E20)*(전산회선!$F$4:$F$1141=AL20)),1)))} -> 홈인터넷전화 | AL20: =IFERROR(IF(_xlfn.MAXIFS(전산회선!$F$4:$F$1141,전산회선!$B$4:$B$1141,$E20,전산회선!$F$4:$F$1141,"<"&AJ20)=0,"",_xlfn.MAXIFS(전산회선!$F$4:$F$1141,전산회선!$B$4:$B$1141,$E20,전산회선!$F$4:$F$1141,"<"&AJ20)),"") -> 5 | AM20: {=IF(AN20="","",INDEX(전산회선!$E$4:$E$1141,_xlfn.AGGREGATE(15,6,ROW(전산회선!$E$4:$E$1141)-ROW(전산회선!$E$4)+1/((전산회선!$B$4:$B$1141=$E20)*(전산회선!$F$4:$F$1141=AN20)),1)))} -> GiGA인터넷 | AN20: =IFERROR(IF(_xlfn.MAXIFS(전산회선!$F$4:$F$1141,전산회선!$B$4:$B$1141,$E20,전산회선!$F$4:$F$1141,"<"&AL20)=0,"",_xlfn.MAXIFS(전산회선!$F$4:$F$1141,전산회선!$B$4:$B$1141,$E20,전산회선!$F$4:$F$1141,"<"&AL20)),"") -> 3 | AO20: 465517 | AP20: 466096 | AQ20: 454871 | AR20: 413252 | AS20: 415920 | AT20: 412446 | AU20: 413929 | AV20: 412142 | AW20: 413613 | AX20: 411700 | AY20: 412428 | AZ20: 420748 | BA20: 426055.17 | BB20: =SUM(AO20:AZ20) -> 5112662 | BC20: 0 | BD20: 0 | BE20: 0 | BF20: 0 | BG20: 0 | BH20: 0 | BI20: 0 | BJ20: 0 | BK20: 0 | BL20: 0 | BM20: 0 | BN20: 0 | BO20: 0 | BP20: 0 | BQ20: =IFERROR(INDEX(피벗!$BL$5:$CH$5,1,MATCH($BR20,INDEX(피벗!$BL:$CH,MATCH($E20,피벗!$BJ:$BJ,0),0),0)),"") | BR20: =IFERROR(LARGE(INDEX(피벗!$BL:$CH,MATCH(성장고객!$E20,피벗!$BJ:$BJ,0),0),1),"") | BS20: =IFERROR(BR20/$BB20,"") | BT20: =IFERROR(INDEX(피벗!$BL$5:$CH$5,1,MATCH($BU20,INDEX(피벗!$BL:$CH,MATCH($E20,피벗!$BJ:$BJ,0),0),0)),"") | BU20: =IFERROR(LARGE(INDEX(피벗!$BL:$CH,MATCH(성장고객!$E20,피벗!$BJ:$BJ,0),0),2),"") | BV20: =IFERROR(BU20/$BB20,"") | BW20: =IFERROR(INDEX(피벗!$BL$5:$CH$5,1,MATCH($BX20,INDEX(피벗!$BL:$CH,MATCH($E20,피벗!$BJ:$BJ,0),0),0)),"") | BX20: =IFERROR(LARGE(INDEX(피벗!$BL:$CH,MATCH(성장고객!$E20,피벗!$BJ:$BJ,0),0),3),"") | BY20: =IFERROR(BX20/$BB20,"") | BZ20: =IFERROR(INDEX(피벗!$BL$5:$CH$5,1,MATCH($CA20,INDEX(피벗!$BL:$CH,MATCH($E20,피벗!$BJ:$BJ,0),0),0)),"") | CA20: =IFERROR(LARGE(INDEX(피벗!$BL:$CH,MATCH(성장고객!$E20,피벗!$BJ:$BJ,0),0),4),"") | CB20: =IFERROR(CA20/$BB20,"") | CC20: =IFERROR(INDEX(피벗!$BL$5:$CH$5,1,MATCH($CD20,INDEX(피벗!$BL:$CH,MATCH($E20,피벗!$BJ:$BJ,0),0),0)),"") | CD20: =IFERROR(LARGE(INDEX(피벗!$BL:$CH,MATCH(성장고객!$E20,피벗!$BJ:$BJ,0),0),5),"") | CE20: =IFERROR(CD20/$BB20,"") | CF20: =IFERROR(INDEX(피벗!$CI:$CI,MATCH($E20,피벗!$BJ:$BJ,0)),"") | CG20: =IFERROR(CF20/$BB20,"") | CH20: =IFERROR(INDEX(피벗!$EZ$5:$GE$5,1,MATCH($CI20,INDEX(피벗!$EZ:$GE,MATCH($E20,피벗!$EY:$EY,0),0),0)),"") -> GiGA인터넷 | CI20: =IFERROR(LARGE(INDEX(피벗!$EZ:$GE,MATCH(성장고객!$E20,피벗!$EY:$EY,0),0),1),"") -> 1416000 | CJ20: =IFERROR(INDEX(피벗!$EZ$5:$GE$5,1,MATCH($CK20,INDEX(피벗!$EZ:$GE,MATCH($E20,피벗!$EY:$EY,0),0),0)),"") -> 기업일반전화 | CK20: =IFERROR(LARGE(INDEX(피벗!$EZ:$GE,MATCH(성장고객!$E20,피벗!$EY:$EY,0),0),2),"") -> 1152000 | CL20: =IFERROR(INDEX(피벗!$EZ$5:$GE$5,1,MATCH($CM20,INDEX(피벗!$EZ:$GE,MATCH($E20,피벗!$EY:$EY,0),0),0)),"") -> 기업인터넷전화 | CM20: =IFERROR(LARGE(INDEX(피벗!$EZ:$GE,MATCH(성장고객!$E20,피벗!$EY:$EY,0),0),3),"") -> 936000 | CN20: =IFERROR(INDEX(피벗!$EZ$5:$GE$5,1,MATCH($CO20,INDEX(피벗!$EZ:$GE,MATCH($E20,피벗!$EY:$EY,0),0),0)),"") -> 홈일반전화 | CO20: =IFERROR(LARGE(INDEX(피벗!$EZ:$GE,MATCH(성장고객!$E20,피벗!$EY:$EY,0),0),4),"") -> 714806 | CP20: =IFERROR(INDEX(피벗!$EZ$5:$GE$5,1,MATCH($CQ20,INDEX(피벗!$EZ:$GE,MATCH($E20,피벗!$EY:$EY,0),0),0)),"") -> MeGA인터넷 | CQ20: =IFERROR(LARGE(INDEX(피벗!$EZ:$GE,MATCH(성장고객!$E20,피벗!$EY:$EY,0),0),5),"") -> 374739 | CR20: =IFERROR(INDEX(피벗!$GF:$GF,MATCH($E20,피벗!$EY:$EY,0)),"") -> 5112662
A21: 경북법인고객담당 | B21: 법인고객영업2부 | C21: 법인고객영업2팀 | D21: 정연오 | E21: A0002770258 | F21: 포항스틸러스 | G21: 법인가치고객 | H21: 본사 | I21: 1746110022050 | J21: 5068119006 | K21: 본사 | L21: 정상 | M21: 서비스 | N21: 공통 | O21: Retail/Service>서비스업>오락/문화 서비스업>프로축구 | P21: 52 | Q21: 중기업 | R21: 주식회사 | S21: 신규설립(개업) | T21: 정상 | U21: 경북 포항시 북구 죽도동 | V21: 614-8번지 동양빌딩 7층 | W21: 054 282 2002 | X21: 프로축구 흥행사업 | Y21: 경북 포항시 북구 중흥로 | Z21: 231, 7층 (죽도동,동양빌딩) | AA21: 17 | AB21: BBB+ | AC21: 그외 기타 스포츠 서비스업 | AD21: 제조업 | AE21: {=IF(AF21="","",INDEX(전산회선!$E$4:$E$1141,_xlfn.AGGREGATE(15,6,ROW(전산회선!$E$4:$E$1141)-ROW(전산회선!$E$4)+1/((전산회선!$B$4:$B$1141=$E21)*(전산회선!$F$4:$F$1141=AF21)),1)))} -> 홈일반전화 | AF21: =IFERROR(IF(_xlfn.MAXIFS(전산회선!$F$4:$F$1141,전산회선!$B$4:$B$1141,$E21)=0,"",_xlfn.MAXIFS(전산회선!$F$4:$F$1141,전산회선!$B$4:$B$1141,$E21)),"") -> 19 | AG21: {=IF(AH21="","",INDEX(전산회선!$E$4:$E$1141,_xlfn.AGGREGATE(15,6,ROW(전산회선!$E$4:$E$1141)-ROW(전산회선!$E$4)+1/((전산회선!$B$4:$B$1141=$E21)*(전산회선!$F$4:$F$1141=AH21)),1)))} -> GiGA인터넷 | AH21: =IFERROR(IF(_xlfn.MAXIFS(전산회선!$F$4:$F$1141,전산회선!$B$4:$B$1141,$E21,전산회선!$F$4:$F$1141,"<"&AF21)=0,"",_xlfn.MAXIFS(전산회선!$F$4:$F$1141,전산회선!$B$4:$B$1141,$E21,전산회선!$F$4:$F$1141,"<"&AF21)),"") -> 16 | AI21: {=IF(AJ21="","",INDEX(전산회선!$E$4:$E$1141,_xlfn.AGGREGATE(15,6,ROW(전산회선!$E$4:$E$1141)-ROW(전산회선!$E$4)+1/((전산회선!$B$4:$B$1141=$E21)*(전산회선!$F$4:$F$1141=AJ21)),1)))} -> GTV | AJ21: =IFERROR(IF(_xlfn.MAXIFS(전산회선!$F$4:$F$1141,전산회선!$B$4:$B$1141,$E21,전산회선!$F$4:$F$1141,"<"&AH21)=0,"",_xlfn.MAXIFS(전산회선!$F$4:$F$1141,전산회선!$B$4:$B$1141,$E21,전산회선!$F$4:$F$1141,"<"&AH21)),"") -> 8 | AK21: {=IF(AL21="","",INDEX(전산회선!$E$4:$E$1141,_xlfn.AGGREGATE(15,6,ROW(전산회선!$E$4:$E$1141)-ROW(전산회선!$E$4)+1/((전산회선!$B$4:$B$1141=$E21)*(전산회선!$F$4:$F$1141=AL21)),1)))} -> 5G | AL21: =IFERROR(IF(_xlfn.MAXIFS(전산회선!$F$4:$F$1141,전산회선!$B$4:$B$1141,$E21,전산회선!$F$4:$F$1141,"<"&AJ21)=0,"",_xlfn.MAXIFS(전산회선!$F$4:$F$1141,전산회선!$B$4:$B$1141,$E21,전산회선!$F$4:$F$1141,"<"&AJ21)),"") -> 1 | AM21: {=IF(AN21="","",INDEX(전산회선!$E$4:$E$1141,_xlfn.AGGREGATE(15,6,ROW(전산회선!$E$4:$E$1141)-ROW(전산회선!$E$4)+1/((전산회선!$B$4:$B$1141=$E21)*(전산회선!$F$4:$F$1141=AN21)),1)))} | AN21: =IFERROR(IF(_xlfn.MAXIFS(전산회선!$F$4:$F$1141,전산회선!$B$4:$B$1141,$E21,전산회선!$F$4:$F$1141,"<"&AL21)=0,"",_xlfn.MAXIFS(전산회선!$F$4:$F$1141,전산회선!$B$4:$B$1141,$E21,전산회선!$F$4:$F$1141,"<"&AL21)),"") | AO21: 565979 | AP21: 669751 | AQ21: 582639 | AR21: 592347 | AS21: 593611 | AT21: 587615 | AU21: 664396 | AV21: 1008482 | AW21: 1025185 | AX21: 1013802 | AY21: 1029542 | AZ21: 1143584 | BA21: 789744.42 | BB21: =SUM(AO21:AZ21) -> 9476933 | BC21: 11123 | BD21: 64424 | BE21: 71924 | BF21: 71924 | BG21: 71924 | BH21: 71924 | BI21: 100386 | BJ21: 462001 | BK21: 493033 | BL21: 493033 | BM21: 493033 | BN21: 493033 | BO21: 241480.17 | BP21: 2897762 | BQ21: =IFERROR(INDEX(피벗!$BL$5:$CH$5,1,MATCH($BR21,INDEX(피벗!$BL:$CH,MATCH($E21,피벗!$BJ:$BJ,0),0),0)),"") -> GiGA인터넷 | BR21: =IFERROR(LARGE(INDEX(피벗!$BL:$CH,MATCH(성장고객!$E21,피벗!$BJ:$BJ,0),0),1),"") -> 1902502 | BS21: =IFERROR(BR21/$BB21,"") -> 0.20075081 | BT21: =IFERROR(INDEX(피벗!$BL$5:$CH$5,1,MATCH($BU21,INDEX(피벗!$BL:$CH,MATCH($E21,피벗!$BJ:$BJ,0),0),0)),"") -> 기업인터넷 | BU21: =IFERROR(LARGE(INDEX(피벗!$BL:$CH,MATCH(성장고객!$E21,피벗!$BJ:$BJ,0),0),2),"") -> 650000 | BV21: =IFERROR(BU21/$BB21,"") -> 0.068587591 | BW21: =IFERROR(INDEX(피벗!$BL$5:$CH$5,1,MATCH($BX21,INDEX(피벗!$BL:$CH,MATCH($E21,피벗!$BJ:$BJ,0),0),0)),"") -> GTV | BX21: =IFERROR(LARGE(INDEX(피벗!$BL:$CH,MATCH(성장고객!$E21,피벗!$BJ:$BJ,0),0),3),"") -> 172813 | BY21: =IFERROR(BX21/$BB21,"") -> 0.018235119 | BZ21: =IFERROR(INDEX(피벗!$BL$5:$CH$5,1,MATCH($CA21,INDEX(피벗!$BL:$CH,MATCH($E21,피벗!$BJ:$BJ,0),0),0)),"") -> 데이터플랫폼 | CA21: =IFERROR(LARGE(INDEX(피벗!$BL:$CH,MATCH(성장고객!$E21,피벗!$BJ:$BJ,0),0),4),"") -> 116000 | CB21: =IFERROR(CA21/$BB21,"") -> 0.012240247 | CC21: =IFERROR(INDEX(피벗!$BL$5:$CH$5,1,MATCH($CD21,INDEX(피벗!$BL:$CH,MATCH($E21,피벗!$BJ:$BJ,0),0),0)),"") -> 기가지니 TV | CD21: =IFERROR(LARGE(INDEX(피벗!$BL:$CH,MATCH(성장고객!$E21,피벗!$BJ:$BJ,0),0),5),"") -> 44903 | CE21: =IFERROR(CD21/$BB21,"") -> 0.0047381363 | CF21: =IFERROR(INDEX(피벗!$CI:$CI,MATCH($E21,피벗!$BJ:$BJ,0)),"") -> 2897762 | CG21: =IFERROR(CF21/$BB21,"") -> 0.30577002 | CH21: =IFERROR(INDEX(피벗!$EZ$5:$GE$5,1,MATCH($CI21,INDEX(피벗!$EZ:$GE,MATCH($E21,피벗!$EY:$EY,0),0),0)),"") -> GiGA인터넷 | CI21: =IFERROR(LARGE(INDEX(피벗!$EZ:$GE,MATCH(성장고객!$E21,피벗!$EY:$EY,0),0),1),"") -> 4703328 | CJ21: =IFERROR(INDEX(피벗!$EZ$5:$GE$5,1,MATCH($CK21,INDEX(피벗!$EZ:$GE,MATCH($E21,피벗!$EY:$EY,0),0),0)),"") -> 홈일반전화 | CK21: =IFERROR(LARGE(INDEX(피벗!$EZ:$GE,MATCH(성장고객!$E21,피벗!$EY:$EY,0),0),2),"") -> 950347 | CL21: =IFERROR(INDEX(피벗!$EZ$5:$GE$5,1,MATCH($CM21,INDEX(피벗!$EZ:$GE,MATCH($E21,피벗!$EY:$EY,0),0),0)),"") -> 기업메시징 | CM21: =IFERROR(LARGE(INDEX(피벗!$EZ:$GE,MATCH(성장고객!$E21,피벗!$EY:$EY,0),0),3),"") -> 915965 | CN21: =IFERROR(INDEX(피벗!$EZ$5:$GE$5,1,MATCH($CO21,INDEX(피벗!$EZ:$GE,MATCH($E21,피벗!$EY:$EY,0),0),0)),"") -> GTV | CO21: =IFERROR(LARGE(INDEX(피벗!$EZ:$GE,MATCH(성장고객!$E21,피벗!$EY:$EY,0),0),4),"") -> 837998 | CP21: =IFERROR(INDEX(피벗!$EZ$5:$GE$5,1,MATCH($CQ21,INDEX(피벗!$EZ:$GE,MATCH($E21,피벗!$EY:$EY,0),0),0)),"") -> 기업인터넷 | CQ21: =IFERROR(LARGE(INDEX(피벗!$EZ:$GE,MATCH(성장고객!$E21,피벗!$EY:$EY,0),0),5),"") -> 650000 | CR21: =IFERROR(INDEX(피벗!$GF:$GF,MATCH($E21,피벗!$EY:$EY,0)),"") -> 9476933
A22: 경북법인고객담당 | B22: 법인고객영업2부 | C22: 법인고객영업2팀 | D22: 오다영 | E22: 1-NDI8TI | F22: 포스코인재창조원 | G22: 법인가치고객 | K22: 본사 | L22: 정상 | M22: 교육 | N22: 공공 | O22: 교육상담 | P22: 41 | Q22: 대기업 | R22: 주식회사 | S22: 신규설립(개업) | T22: 정상 | U22: 인천 연수구 송도동 | V22: 180-1번지 | W22: 054 240 5685 | X22: 교육서비스 및 직업능력개발훈련사업 | Y22: 인천 연수구 송도과학로 | Z22: 100 (송도동) | AA22: 157 | AB22: A- | AD22: 제조업 | AE22: {=IF(AF22="","",INDEX(전산회선!$E$4:$E$1141,_xlfn.AGGREGATE(15,6,ROW(전산회선!$E$4:$E$1141)-ROW(전산회선!$E$4)+1/((전산회선!$B$4:$B$1141=$E22)*(전산회선!$F$4:$F$1141=AF22)),1)))} -> 5G | AF22: =IFERROR(IF(_xlfn.MAXIFS(전산회선!$F$4:$F$1141,전산회선!$B$4:$B$1141,$E22)=0,"",_xlfn.MAXIFS(전산회선!$F$4:$F$1141,전산회선!$B$4:$B$1141,$E22)),"") -> 32 | AG22: {=IF(AH22="","",INDEX(전산회선!$E$4:$E$1141,_xlfn.AGGREGATE(15,6,ROW(전산회선!$E$4:$E$1141)-ROW(전산회선!$E$4)+1/((전산회선!$B$4:$B$1141=$E22)*(전산회선!$F$4:$F$1141=AH22)),1)))} -> LTE | AH22: =IFERROR(IF(_xlfn.MAXIFS(전산회선!$F$4:$F$1141,전산회선!$B$4:$B$1141,$E22,전산회선!$F$4:$F$1141,"<"&AF22)=0,"",_xlfn.MAXIFS(전산회선!$F$4:$F$1141,전산회선!$B$4:$B$1141,$E22,전산회선!$F$4:$F$1141,"<"&AF22)),"") -> 4 | AI22: {=IF(AJ22="","",INDEX(전산회선!$E$4:$E$1141,_xlfn.AGGREGATE(15,6,ROW(전산회선!$E$4:$E$1141)-ROW(전산회선!$E$4)+1/((전산회선!$B$4:$B$1141=$E22)*(전산회선!$F$4:$F$1141=AJ22)),1)))} | AJ22: =IFERROR(IF(_xlfn.MAXIFS(전산회선!$F$4:$F$1141,전산회선!$B$4:$B$1141,$E22,전산회선!$F$4:$F$1141,"<"&AH22)=0,"",_xlfn.MAXIFS(전산회선!$F$4:$F$1141,전산회선!$B$4:$B$1141,$E22,전산회선!$F$4:$F$1141,"<"&AH22)),"") | AK22: {=IF(AL22="","",INDEX(전산회선!$E$4:$E$1141,_xlfn.AGGREGATE(15,6,ROW(전산회선!$E$4:$E$1141)-ROW(전산회선!$E$4)+1/((전산회선!$B$4:$B$1141=$E22)*(전산회선!$F$4:$F$1141=AL22)),1)))} | AL22: =IFERROR(IF(_xlfn.MAXIFS(전산회선!$F$4:$F$1141,전산회선!$B$4:$B$1141,$E22,전산회선!$F$4:$F$1141,"<"&AJ22)=0,"",_xlfn.MAXIFS(전산회선!$F$4:$F$1141,전산회선!$B$4:$B$1141,$E22,전산회선!$F$4:$F$1141,"<"&AJ22)),"") | AM22: {=IF(AN22="","",INDEX(전산회선!$E$4:$E$1141,_xlfn.AGGREGATE(15,6,ROW(전산회선!$E$4:$E$1141)-ROW(전산회선!$E$4)+1/((전산회선!$B$4:$B$1141=$E22)*(전산회선!$F$4:$F$1141=AN22)),1)))} | AN22: =IFERROR(IF(_xlfn.MAXIFS(전산회선!$F$4:$F$1141,전산회선!$B$4:$B$1141,$E22,전산회선!$F$4:$F$1141,"<"&AL22)=0,"",_xlfn.MAXIFS(전산회선!$F$4:$F$1141,전산회선!$B$4:$B$1141,$E22,전산회선!$F$4:$F$1141,"<"&AL22)),"") | AO22: 1386099.5 | AP22: 1409524.8 | AQ22: 1553296.7 | AR22: 1622141.5 | AS22: 1601735.7 | AT22: 1612168.2 | AU22: 1576357.9 | AV22: 1556637.1 | AW22: 1501524.3 | AX22: 1451600.3 | AY22: 1450152.6 | AZ22: 1363259.7 | BA22: 1507041.5 | BB22: =SUM(AO22:AZ22) -> 18084498 | BC22: 0 | BD22: 0 | BE22: 0 | BF22: 0 | BG22: 0 | BH22: 0 | BI22: 0 | BJ22: 0 | BK22: 0 | BL22: 0 | BM22: 0 | BN22: 0 | BO22: 0 | BP22: 0 | BQ22: =IFERROR(INDEX(피벗!$BL$5:$CH$5,1,MATCH($BR22,INDEX(피벗!$BL:$CH,MATCH($E22,피벗!$BJ:$BJ,0),0),0)),"") | BR22: =IFERROR(LARGE(INDEX(피벗!$BL:$CH,MATCH(성장고객!$E22,피벗!$BJ:$BJ,0),0),1),"") | BS22: =IFERROR(BR22/$BB22,"") | BT22: =IFERROR(INDEX(피벗!$BL$5:$CH$5,1,MATCH($BU22,INDEX(피벗!$BL:$CH,MATCH($E22,피벗!$BJ:$BJ,0),0),0)),"") | BU22: =IFERROR(LARGE(INDEX(피벗!$BL:$CH,MATCH(성장고객!$E22,피벗!$BJ:$BJ,0),0),2),"") | BV22: =IFERROR(BU22/$BB22,"") | BW22: =IFERROR(INDEX(피벗!$BL$5:$CH$5,1,MATCH($BX22,INDEX(피벗!$BL:$CH,MATCH($E22,피벗!$BJ:$BJ,0),0),0)),"") | BX22: =IFERROR(LARGE(INDEX(피벗!$BL:$CH,MATCH(성장고객!$E22,피벗!$BJ:$BJ,0),0),3),"") | BY22: =IFERROR(BX22/$BB22,"") | BZ22: =IFERROR(INDEX(피벗!$BL$5:$CH$5,1,MATCH($CA22,INDEX(피벗!$BL:$CH,MATCH($E22,피벗!$BJ:$BJ,0),0),0)),"") | CA22: =IFERROR(LARGE(INDEX(피벗!$BL:$CH,MATCH(성장고객!$E22,피벗!$BJ:$BJ,0),0),4),"") | CB22: =IFERROR(CA22/$BB22,"") | CC22: =IFERROR(INDEX(피벗!$BL$5:$CH$5,1,MATCH($CD22,INDEX(피벗!$BL:$CH,MATCH($E22,피벗!$BJ:$BJ,0),0),0)),"") | CD22: =IFERROR(LARGE(INDEX(피벗!$BL:$CH,MATCH(성장고객!$E22,피벗!$BJ:$BJ,0),0),5),"") | CE22: =IFERROR(CD22/$BB22,"") | CF22: =IFERROR(INDEX(피벗!$CI:$CI,MATCH($E22,피벗!$BJ:$BJ,0)),"") | CG22: =IFERROR(CF22/$BB22,"") | CH22: =IFERROR(INDEX(피벗!$EZ$5:$GE$5,1,MATCH($CI22,INDEX(피벗!$EZ:$GE,MATCH($E22,피벗!$EY:$EY,0),0),0)),"") -> 5G | CI22: =IFERROR(LARGE(INDEX(피벗!$EZ:$GE,MATCH(성장고객!$E22,피벗!$EY:$EY,0),0),1),"") -> 17247353 | CJ22: =IFERROR(INDEX(피벗!$EZ$5:$GE$5,1,MATCH($CK22,INDEX(피벗!$EZ:$GE,MATCH($E22,피벗!$EY:$EY,0),0),0)),"") -> LTE | CK22: =IFERROR(LARGE(INDEX(피벗!$EZ:$GE,MATCH(성장고객!$E22,피벗!$EY:$EY,0),0),2),"") -> 914516.04 | CL22: =IFERROR(INDEX(피벗!$EZ$5:$GE$5,1,MATCH($CM22,INDEX(피벗!$EZ:$GE,MATCH($E22,피벗!$EY:$EY,0),0),0)),"") -> 국제전화 | CM22: =IFERROR(LARGE(INDEX(피벗!$EZ:$GE,MATCH(성장고객!$E22,피벗!$EY:$EY,0),0),3),"") -> 200 | CN22: =IFERROR(INDEX(피벗!$EZ$5:$GE$5,1,MATCH($CO22,INDEX(피벗!$EZ:$GE,MATCH($E22,피벗!$EY:$EY,0),0),0)),"") -> 홈지능망 | CO22: =IFERROR(LARGE(INDEX(피벗!$EZ:$GE,MATCH(성장고객!$E22,피벗!$EY:$EY,0),0),4),"") -> 0 | CP22: =IFERROR(INDEX(피벗!$EZ$5:$GE$5,1,MATCH($CQ22,INDEX(피벗!$EZ:$GE,MATCH($E22,피벗!$EY:$EY,0),0),0)),"") -> 3G | CQ22: =IFERROR(LARGE(INDEX(피벗!$EZ:$GE,MATCH(성장고객!$E22,피벗!$EY:$EY,0),0),5),"") -> -77571 | CR22: =IFERROR(INDEX(피벗!$GF:$GF,MATCH($E22,피벗!$EY:$EY,0)),"") -> 18084498
A23: 경북법인고객담당 | B23: 법인고객영업2부 | C23: 법인고객영업2팀 | D23: 정연오 | E23: A0001392114 | F23: 티엠테크(주) | G23: 법인가치고객 | H23: 본사 | I23: 1717110080265 | J23: 5068165801 | K23: 본사 | L23: 정상 | M23: 제조업 | N23: 기업 | O23: Manufacture>정유/화학>일반화학>유기질비료제조업 | P23: 1 | Q23: 중기업 | R23: 주식회사 | S23: 신규설립(개업) | T23: 정상 | U23: 경북 포항시 남구 호동 | V23: 611번지 | W23: 054 284 0244 | X23: 일반철물 | Y23: 경북 포항시 남구 서원재로 | Z23: 7 (호동,(주)포스렉) | AA23: 80 | AB23: BBB | AC23: 그외 기타 달리 분류되지 않은 제품 제조업 | AD23: 제조업 | AE23: {=IF(AF23="","",INDEX(전산회선!$E$4:$E$1141,_xlfn.AGGREGATE(15,6,ROW(전산회선!$E$4:$E$1141)-ROW(전산회선!$E$4)+1/((전산회선!$B$4:$B$1141=$E23)*(전산회선!$F$4:$F$1141=AF23)),1)))} -> 홈일반전화 | AF23: =IFERROR(IF(_xlfn.MAXIFS(전산회선!$F$4:$F$1141,전산회선!$B$4:$B$1141,$E23)=0,"",_xlfn.MAXIFS(전산회선!$F$4:$F$1141,전산회선!$B$4:$B$1141,$E23)),"") -> 1 | AG23: {=IF(AH23="","",INDEX(전산회선!$E$4:$E$1141,_xlfn.AGGREGATE(15,6,ROW(전산회선!$E$4:$E$1141)-ROW(전산회선!$E$4)+1/((전산회선!$B$4:$B$1141=$E23)*(전산회선!$F$4:$F$1141=AH23)),1)))} | AH23: =IFERROR(IF(_xlfn.MAXIFS(전산회선!$F$4:$F$1141,전산회선!$B$4:$B$1141,$E23,전산회선!$F$4:$F$1141,"<"&AF23)=0,"",_xlfn.MAXIFS(전산회선!$F$4:$F$1141,전산회선!$B$4:$B$1141,$E23,전산회선!$F$4:$F$1141,"<"&AF23)),"") | AI23: {=IF(AJ23="","",INDEX(전산회선!$E$4:$E$1141,_xlfn.AGGREGATE(15,6,ROW(전산회선!$E$4:$E$1141)-ROW(전산회선!$E$4)+1/((전산회선!$B$4:$B$1141=$E23)*(전산회선!$F$4:$F$1141=AJ23)),1)))} | AJ23: =IFERROR(IF(_xlfn.MAXIFS(전산회선!$F$4:$F$1141,전산회선!$B$4:$B$1141,$E23,전산회선!$F$4:$F$1141,"<"&AH23)=0,"",_xlfn.MAXIFS(전산회선!$F$4:$F$1141,전산회선!$B$4:$B$1141,$E23,전산회선!$F$4:$F$1141,"<"&AH23)),"") | AK23: {=IF(AL23="","",INDEX(전산회선!$E$4:$E$1141,_xlfn.AGGREGATE(15,6,ROW(전산회선!$E$4:$E$1141)-ROW(전산회선!$E$4)+1/((전산회선!$B$4:$B$1141=$E23)*(전산회선!$F$4:$F$1141=AL23)),1)))} | AL23: =IFERROR(IF(_xlfn.MAXIFS(전산회선!$F$4:$F$1141,전산회선!$B$4:$B$1141,$E23,전산회선!$F$4:$F$1141,"<"&AJ23)=0,"",_xlfn.MAXIFS(전산회선!$F$4:$F$1141,전산회선!$B$4:$B$1141,$E23,전산회선!$F$4:$F$1141,"<"&AJ23)),"") | AM23: {=IF(AN23="","",INDEX(전산회선!$E$4:$E$1141,_xlfn.AGGREGATE(15,6,ROW(전산회선!$E$4:$E$1141)-ROW(전산회선!$E$4)+1/((전산회선!$B$4:$B$1141=$E23)*(전산회선!$F$4:$F$1141=AN23)),1)))} | AN23: =IFERROR(IF(_xlfn.MAXIFS(전산회선!$F$4:$F$1141,전산회선!$B$4:$B$1141,$E23,전산회선!$F$4:$F$1141,"<"&AL23)=0,"",_xlfn.MAXIFS(전산회선!$F$4:$F$1141,전산회선!$B$4:$B$1141,$E23,전산회선!$F$4:$F$1141,"<"&AL23)),"") | AO23: 9200 | AP23: 9200 | AQ23: 9200 | AR23: 9200 | AS23: 9200 | AT23: 9200 | AU23: 9200 | AV23: 9200 | AW23: 9200 | AX23: 9200 | AY23: 9200 | AZ23: 9200 | BA23: 9200 | BB23: =SUM(AO23:AZ23) -> 110400 | BC23: 0 | BD23: 0 | BE23: 0 | BF23: 0 | BG23: 0 | BH23: 0 | BI23: 0 | BJ23: 0 | BK23: 0 | BL23: 0 | BM23: 0 | BN23: 0 | BO23: 0 | BP23: 0 | BQ23: =IFERROR(INDEX(피벗!$BL$5:$CH$5,1,MATCH($BR23,INDEX(피벗!$BL:$CH,MATCH($E23,피벗!$BJ:$BJ,0),0),0)),"") | BR23: =IFERROR(LARGE(INDEX(피벗!$BL:$CH,MATCH(성장고객!$E23,피벗!$BJ:$BJ,0),0),1),"") | BS23: =IFERROR(BR23/$BB23,"") | BT23: =IFERROR(INDEX(피벗!$BL$5:$CH$5,1,MATCH($BU23,INDEX(피벗!$BL:$CH,MATCH($E23,피벗!$BJ:$BJ,0),0),0)),"") | BU23: =IFERROR(LARGE(INDEX(피벗!$BL:$CH,MATCH(성장고객!$E23,피벗!$BJ:$BJ,0),0),2),"") | BV23: =IFERROR(BU23/$BB23,"") | BW23: =IFERROR(INDEX(피벗!$BL$5:$CH$5,1,MATCH($BX23,INDEX(피벗!$BL:$CH,MATCH($E23,피벗!$BJ:$BJ,0),0),0)),"") | BX23: =IFERROR(LARGE(INDEX(피벗!$BL:$CH,MATCH(성장고객!$E23,피벗!$BJ:$BJ,0),0),3),"") | BY23: =IFERROR(BX23/$BB23,"") | BZ23: =IFERROR(INDEX(피벗!$BL$5:$CH$5,1,MATCH($CA23,INDEX(피벗!$BL:$CH,MATCH($E23,피벗!$BJ:$BJ,0),0),0)),"") | CA23: =IFERROR(LARGE(INDEX(피벗!$BL:$CH,MATCH(성장고객!$E23,피벗!$BJ:$BJ,0),0),4),"") | CB23: =IFERROR(CA23/$BB23,"") | CC23: =IFERROR(INDEX(피벗!$BL$5:$CH$5,1,MATCH($CD23,INDEX(피벗!$BL:$CH,MATCH($E23,피벗!$BJ:$BJ,0),0),0)),"") | CD23: =IFERROR(LARGE(INDEX(피벗!$BL:$CH,MATCH(성장고객!$E23,피벗!$BJ:$BJ,0),0),5),"") | CE23: =IFERROR(CD23/$BB23,"") | CF23: =IFERROR(INDEX(피벗!$CI:$CI,MATCH($E23,피벗!$BJ:$BJ,0)),"") | CG23: =IFERROR(CF23/$BB23,"") | CH23: =IFERROR(INDEX(피벗!$EZ$5:$GE$5,1,MATCH($CI23,INDEX(피벗!$EZ:$GE,MATCH($E23,피벗!$EY:$EY,0),0),0)),"") -> 홈일반전화 | CI23: =IFERROR(LARGE(INDEX(피벗!$EZ:$GE,MATCH(성장고객!$E23,피벗!$EY:$EY,0),0),1),"") -> 62400 | CJ23: =IFERROR(INDEX(피벗!$EZ$5:$GE$5,1,MATCH($CK23,INDEX(피벗!$EZ:$GE,MATCH($E23,피벗!$EY:$EY,0),0),0)),"") -> 홈지능망 | CK23: =IFERROR(LARGE(INDEX(피벗!$EZ:$GE,MATCH(성장고객!$E23,피벗!$EY:$EY,0),0),2),"") -> 48000 | CL23: =IFERROR(INDEX(피벗!$EZ$5:$GE$5,1,MATCH($CM23,INDEX(피벗!$EZ:$GE,MATCH($E23,피벗!$EY:$EY,0),0),0)),"") | CM23: =IFERROR(LARGE(INDEX(피벗!$EZ:$GE,MATCH(성장고객!$E23,피벗!$EY:$EY,0),0),3),"") | CN23: =IFERROR(INDEX(피벗!$EZ$5:$GE$5,1,MATCH($CO23,INDEX(피벗!$EZ:$GE,MATCH($E23,피벗!$EY:$EY,0),0),0)),"") | CO23: =IFERROR(LARGE(INDEX(피벗!$EZ:$GE,MATCH(성장고객!$E23,피벗!$EY:$EY,0),0),4),"") | CP23: =IFERROR(INDEX(피벗!$EZ$5:$GE$5,1,MATCH($CQ23,INDEX(피벗!$EZ:$GE,MATCH($E23,피벗!$EY:$EY,0),0),0)),"") | CQ23: =IFERROR(LARGE(INDEX(피벗!$EZ:$GE,MATCH(성장고객!$E23,피벗!$EY:$EY,0),0),5),"") | CR23: =IFERROR(INDEX(피벗!$GF:$GF,MATCH($E23,피벗!$EY:$EY,0)),"") -> 110400
A24: 경북법인고객담당 | B24: 법인고객영업2부 | C24: 법인고객영업1팀 | D24: 정윤성 | E24: L0000035902 | F24: 티에스오토모티브 | G24: 법인가치고객 | H24: 본사 | I24: 1801110058908 | J24: 6108122718 | AE24: {=IF(AF24="","",INDEX(전산회선!$E$4:$E$1141,_xlfn.AGGREGATE(15,6,ROW(전산회선!$E$4:$E$1141)-ROW(전산회선!$E$4)+1/((전산회선!$B$4:$B$1141=$E24)*(전산회선!$F$4:$F$1141=AF24)),1)))} -> 기업인터넷전화 | AF24: =IFERROR(IF(_xlfn.MAXIFS(전산회선!$F$4:$F$1141,전산회선!$B$4:$B$1141,$E24)=0,"",_xlfn.MAXIFS(전산회선!$F$4:$F$1141,전산회선!$B$4:$B$1141,$E24)),"") -> 12 | AG24: {=IF(AH24="","",INDEX(전산회선!$E$4:$E$1141,_xlfn.AGGREGATE(15,6,ROW(전산회선!$E$4:$E$1141)-ROW(전산회선!$E$4)+1/((전산회선!$B$4:$B$1141=$E24)*(전산회선!$F$4:$F$1141=AH24)),1)))} -> 홈일반전화 | AH24: =IFERROR(IF(_xlfn.MAXIFS(전산회선!$F$4:$F$1141,전산회선!$B$4:$B$1141,$E24,전산회선!$F$4:$F$1141,"<"&AF24)=0,"",_xlfn.MAXIFS(전산회선!$F$4:$F$1141,전산회선!$B$4:$B$1141,$E24,전산회선!$F$4:$F$1141,"<"&AF24)),"") -> 4 | AI24: {=IF(AJ24="","",INDEX(전산회선!$E$4:$E$1141,_xlfn.AGGREGATE(15,6,ROW(전산회선!$E$4:$E$1141)-ROW(전산회선!$E$4)+1/((전산회선!$B$4:$B$1141=$E24)*(전산회선!$F$4:$F$1141=AJ24)),1)))} -> GiGA인터넷 | AJ24: =IFERROR(IF(_xlfn.MAXIFS(전산회선!$F$4:$F$1141,전산회선!$B$4:$B$1141,$E24,전산회선!$F$4:$F$1141,"<"&AH24)=0,"",_xlfn.MAXIFS(전산회선!$F$4:$F$1141,전산회선!$B$4:$B$1141,$E24,전산회선!$F$4:$F$1141,"<"&AH24)),"") -> 3 | AK24: {=IF(AL24="","",INDEX(전산회선!$E$4:$E$1141,_xlfn.AGGREGATE(15,6,ROW(전산회선!$E$4:$E$1141)-ROW(전산회선!$E$4)+1/((전산회선!$B$4:$B$1141=$E24)*(전산회선!$F$4:$F$1141=AL24)),1)))} -> 기업인터넷 | AL24: =IFERROR(IF(_xlfn.MAXIFS(전산회선!$F$4:$F$1141,전산회선!$B$4:$B$1141,$E24,전산회선!$F$4:$F$1141,"<"&AJ24)=0,"",_xlfn.MAXIFS(전산회선!$F$4:$F$1141,전산회선!$B$4:$B$1141,$E24,전산회선!$F$4:$F$1141,"<"&AJ24)),"") -> 2 | AM24: {=IF(AN24="","",INDEX(전산회선!$E$4:$E$1141,_xlfn.AGGREGATE(15,6,ROW(전산회선!$E$4:$E$1141)-ROW(전산회선!$E$4)+1/((전산회선!$B$4:$B$1141=$E24)*(전산회선!$F$4:$F$1141=AN24)),1)))} -> 5G | AN24: =IFERROR(IF(_xlfn.MAXIFS(전산회선!$F$4:$F$1141,전산회선!$B$4:$B$1141,$E24,전산회선!$F$4:$F$1141,"<"&AL24)=0,"",_xlfn.MAXIFS(전산회선!$F$4:$F$1141,전산회선!$B$4:$B$1141,$E24,전산회선!$F$4:$F$1141,"<"&AL24)),"") -> 1 | AO24: 577383.7 | AP24: 582360.7 | AQ24: 579897.7 | AR24: 578856.7 | AS24: 578795.7 | AT24: 576739.7 | AU24: 570074.7 | AV24: 584933.7 | AW24: 590238.7 | AX24: 590867.7 | AY24: 596992.7 | AZ24: 597072.7 | BA24: 583684.53 | BB24: =SUM(AO24:AZ24) -> 7004214.4 | BC24: 0 | BD24: 0 | BE24: 0 | BF24: 0 | BG24: 0 | BH24: 0 | BI24: 0 | BJ24: 39194 | BK24: 45000 | BL24: 45000 | BM24: 45000 | BN24: 45000 | BO24: 18266.167 | BP24: 219194 | BQ24: =IFERROR(INDEX(피벗!$BL$5:$CH$5,1,MATCH($BR24,INDEX(피벗!$BL:$CH,MATCH($E24,피벗!$BJ:$BJ,0),0),0)),"") -> 기업인터넷 | BR24: =IFERROR(LARGE(INDEX(피벗!$BL:$CH,MATCH(성장고객!$E24,피벗!$BJ:$BJ,0),0),1),"") -> 219194 | BS24: =IFERROR(BR24/$BB24,"") -> 0.031294588 | BT24: =IFERROR(INDEX(피벗!$BL$5:$CH$5,1,MATCH($BU24,INDEX(피벗!$BL:$CH,MATCH($E24,피벗!$BJ:$BJ,0),0),0)),"") | BU24: =IFERROR(LARGE(INDEX(피벗!$BL:$CH,MATCH(성장고객!$E24,피벗!$BJ:$BJ,0),0),2),"") | BV24: =IFERROR(BU24/$BB24,"") | BW24: =IFERROR(INDEX(피벗!$BL$5:$CH$5,1,MATCH($BX24,INDEX(피벗!$BL:$CH,MATCH($E24,피벗!$BJ:$BJ,0),0),0)),"") | BX24: =IFERROR(LARGE(INDEX(피벗!$BL:$CH,MATCH(성장고객!$E24,피벗!$BJ:$BJ,0),0),3),"") | BY24: =IFERROR(BX24/$BB24,"") | BZ24: =IFERROR(INDEX(피벗!$BL$5:$CH$5,1,MATCH($CA24,INDEX(피벗!$BL:$CH,MATCH($E24,피벗!$BJ:$BJ,0),0),0)),"") | CA24: =IFERROR(LARGE(INDEX(피벗!$BL:$CH,MATCH(성장고객!$E24,피벗!$BJ:$BJ,0),0),4),"") | CB24: =IFERROR(CA24/$BB24,"") | CC24: =IFERROR(INDEX(피벗!$BL$5:$CH$5,1,MATCH($CD24,INDEX(피벗!$BL:$CH,MATCH($E24,피벗!$BJ:$BJ,0),0),0)),"") | CD24: =IFERROR(LARGE(INDEX(피벗!$BL:$CH,MATCH(성장고객!$E24,피벗!$BJ:$BJ,0),0),5),"") | CE24: =IFERROR(CD24/$BB24,"") | CF24: =IFERROR(INDEX(피벗!$CI:$CI,MATCH($E24,피벗!$BJ:$BJ,0)),"") -> 219194 | CG24: =IFERROR(CF24/$BB24,"") -> 0.031294588 | CH24: =IFERROR(INDEX(피벗!$EZ$5:$GE$5,1,MATCH($CI24,INDEX(피벗!$EZ:$GE,MATCH($E24,피벗!$EY:$EY,0),0),0)),"") -> 기업인터넷 | CI24: =IFERROR(LARGE(INDEX(피벗!$EZ:$GE,MATCH(성장고객!$E24,피벗!$EY:$EY,0),0),1),"") -> 3219194 | CJ24: =IFERROR(INDEX(피벗!$EZ$5:$GE$5,1,MATCH($CK24,INDEX(피벗!$EZ:$GE,MATCH($E24,피벗!$EY:$EY,0),0),0)),"") -> GiGA인터넷 | CK24: =IFERROR(LARGE(INDEX(피벗!$EZ:$GE,MATCH(성장고객!$E24,피벗!$EY:$EY,0),0),2),"") -> 1261449 | CL24: =IFERROR(INDEX(피벗!$EZ$5:$GE$5,1,MATCH($CM24,INDEX(피벗!$EZ:$GE,MATCH($E24,피벗!$EY:$EY,0),0),0)),"") -> 데이터플랫폼 | CM24: =IFERROR(LARGE(INDEX(피벗!$EZ:$GE,MATCH(성장고객!$E24,피벗!$EY:$EY,0),0),3),"") -> 792000 | CN24: =IFERROR(INDEX(피벗!$EZ$5:$GE$5,1,MATCH($CO24,INDEX(피벗!$EZ:$GE,MATCH($E24,피벗!$EY:$EY,0),0),0)),"") -> MeGA인터넷 | CO24: =IFERROR(LARGE(INDEX(피벗!$EZ:$GE,MATCH(성장고객!$E24,피벗!$EY:$EY,0),0),4),"") -> 782400 | CP24: =IFERROR(INDEX(피벗!$EZ$5:$GE$5,1,MATCH($CQ24,INDEX(피벗!$EZ:$GE,MATCH($E24,피벗!$EY:$EY,0),0),0)),"") -> 기업인터넷전화 | CQ24: =IFERROR(LARGE(INDEX(피벗!$EZ:$GE,MATCH(성장고객!$E24,피벗!$EY:$EY,0),0),5),"") -> 341927 | CR24: =IFERROR(INDEX(피벗!$GF:$GF,MATCH($E24,피벗!$EY:$EY,0)),"") -> 7004214.4
A25: 경북법인고객담당 | B25: 법인고객영업3부 | C25: 법인고객영업2팀 | D25: 권도경 | E25: L0000019264 | F25: 태평양금속(주) | G25: 법인가치고객 | H25: 본사 | I25: 1101110208052 | J25: 5138500333 | AE25: {=IF(AF25="","",INDEX(전산회선!$E$4:$E$1141,_xlfn.AGGREGATE(15,6,ROW(전산회선!$E$4:$E$1141)-ROW(전산회선!$E$4)+1/((전산회선!$B$4:$B$1141=$E25)*(전산회선!$F$4:$F$1141=AF25)),1)))} -> 기업일반전화 | AF25: =IFERROR(IF(_xlfn.MAXIFS(전산회선!$F$4:$F$1141,전산회선!$B$4:$B$1141,$E25)=0,"",_xlfn.MAXIFS(전산회선!$F$4:$F$1141,전산회선!$B$4:$B$1141,$E25)),"") -> 25 | AG25: {=IF(AH25="","",INDEX(전산회선!$E$4:$E$1141,_xlfn.AGGREGATE(15,6,ROW(전산회선!$E$4:$E$1141)-ROW(전산회선!$E$4)+1/((전산회선!$B$4:$B$1141=$E25)*(전산회선!$F$4:$F$1141=AH25)),1)))} -> GTV Biz | AH25: =IFERROR(IF(_xlfn.MAXIFS(전산회선!$F$4:$F$1141,전산회선!$B$4:$B$1141,$E25,전산회선!$F$4:$F$1141,"<"&AF25)=0,"",_xlfn.MAXIFS(전산회선!$F$4:$F$1141,전산회선!$B$4:$B$1141,$E25,전산회선!$F$4:$F$1141,"<"&AF25)),"") -> 20 | AI25: {=IF(AJ25="","",INDEX(전산회선!$E$4:$E$1141,_xlfn.AGGREGATE(15,6,ROW(전산회선!$E$4:$E$1141)-ROW(전산회선!$E$4)+1/((전산회선!$B$4:$B$1141=$E25)*(전산회선!$F$4:$F$1141=AJ25)),1)))} -> 홈일반전화 | AJ25: =IFERROR(IF(_xlfn.MAXIFS(전산회선!$F$4:$F$1141,전산회선!$B$4:$B$1141,$E25,전산회선!$F$4:$F$1141,"<"&AH25)=0,"",_xlfn.MAXIFS(전산회선!$F$4:$F$1141,전산회선!$B$4:$B$1141,$E25,전산회선!$F$4:$F$1141,"<"&AH25)),"") -> 10 | AK25: {=IF(AL25="","",INDEX(전산회선!$E$4:$E$1141,_xlfn.AGGREGATE(15,6,ROW(전산회선!$E$4:$E$1141)-ROW(전산회선!$E$4)+1/((전산회선!$B$4:$B$1141=$E25)*(전산회선!$F$4:$F$1141=AL25)),1)))} -> MeGA인터넷 | AL25: =IFERROR(IF(_xlfn.MAXIFS(전산회선!$F$4:$F$1141,전산회선!$B$4:$B$1141,$E25,전산회선!$F$4:$F$1141,"<"&AJ25)=0,"",_xlfn.MAXIFS(전산회선!$F$4:$F$1141,전산회선!$B$4:$B$1141,$E25,전산회선!$F$4:$F$1141,"<"&AJ25)),"") -> 5 | AM25: {=IF(AN25="","",INDEX(전산회선!$E$4:$E$1141,_xlfn.AGGREGATE(15,6,ROW(전산회선!$E$4:$E$1141)-ROW(전산회선!$E$4)+1/((전산회선!$B$4:$B$1141=$E25)*(전산회선!$F$4:$F$1141=AN25)),1)))} -> GiGA인터넷 | AN25: =IFERROR(IF(_xlfn.MAXIFS(전산회선!$F$4:$F$1141,전산회선!$B$4:$B$1141,$E25,전산회선!$F$4:$F$1141,"<"&AL25)=0,"",_xlfn.MAXIFS(전산회선!$F$4:$F$1141,전산회선!$B$4:$B$1141,$E25,전산회선!$F$4:$F$1141,"<"&AL25)),"") -> 2 | AO25: 635718 | AP25: 616554 | AQ25: 651440 | AR25: 642324 | AS25: 645055 | AT25: 644965 | AU25: 645518 | AV25: 645175 | AW25: 643782 | AX25: 643327 | AY25: 640649 | AZ25: 638165 | BA25: 641056 | BB25: =SUM(AO25:AZ25) -> 7692672 | BC25: 0 | BD25: 0 | BE25: 0 | BF25: 0 | BG25: 0 | BH25: 0 | BI25: 0 | BJ25: 0 | BK25: 0 | BL25: 0 | BM25: 0 | BN25: 0 | BO25: 0 | BP25: 0 | BQ25: =IFERROR(INDEX(피벗!$BL$5:$CH$5,1,MATCH($BR25,INDEX(피벗!$BL:$CH,MATCH($E25,피벗!$BJ:$BJ,0),0),0)),"") | BR25: =IFERROR(LARGE(INDEX(피벗!$BL:$CH,MATCH(성장고객!$E25,피벗!$BJ:$BJ,0),0),1),"") | BS25: =IFERROR(BR25/$BB25,"") | BT25: =IFERROR(INDEX(피벗!$BL$5:$CH$5,1,MATCH($BU25,INDEX(피벗!$BL:$CH,MATCH($E25,피벗!$BJ:$BJ,0),0),0)),"") | BU25: =IFERROR(LARGE(INDEX(피벗!$BL:$CH,MATCH(성장고객!$E25,피벗!$BJ:$BJ,0),0),2),"") | BV25: =IFERROR(BU25/$BB25,"") | BW25: =IFERROR(INDEX(피벗!$BL$5:$CH$5,1,MATCH($BX25,INDEX(피벗!$BL:$CH,MATCH($E25,피벗!$BJ:$BJ,0),0),0)),"") | BX25: =IFERROR(LARGE(INDEX(피벗!$BL:$CH,MATCH(성장고객!$E25,피벗!$BJ:$BJ,0),0),3),"") | BY25: =IFERROR(BX25/$BB25,"") | BZ25: =IFERROR(INDEX(피벗!$BL$5:$CH$5,1,MATCH($CA25,INDEX(피벗!$BL:$CH,MATCH($E25,피벗!$BJ:$BJ,0),0),0)),"") | CA25: =IFERROR(LARGE(INDEX(피벗!$BL:$CH,MATCH(성장고객!$E25,피벗!$BJ:$BJ,0),0),4),"") | CB25: =IFERROR(CA25/$BB25,"") | CC25: =IFERROR(INDEX(피벗!$BL$5:$CH$5,1,MATCH($CD25,INDEX(피벗!$BL:$CH,MATCH($E25,피벗!$BJ:$BJ,0),0),0)),"") | CD25: =IFERROR(LARGE(INDEX(피벗!$BL:$CH,MATCH(성장고객!$E25,피벗!$BJ:$BJ,0),0),5),"") | CE25: =IFERROR(CD25/$BB25,"") | CF25: =IFERROR(INDEX(피벗!$CI:$CI,MATCH($E25,피벗!$BJ:$BJ,0)),"") | CG25: =IFERROR(CF25/$BB25,"") | CH25: =IFERROR(INDEX(피벗!$EZ$5:$GE$5,1,MATCH($CI25,INDEX(피벗!$EZ:$GE,MATCH($E25,피벗!$EY:$EY,0),0),0)),"") -> 기업일반전화 | CI25: =IFERROR(LARGE(INDEX(피벗!$EZ:$GE,MATCH(성장고객!$E25,피벗!$EY:$EY,0),0),1),"") -> 2329517 | CJ25: =IFERROR(INDEX(피벗!$EZ$5:$GE$5,1,MATCH($CK25,INDEX(피벗!$EZ:$GE,MATCH($E25,피벗!$EY:$EY,0),0),0)),"") -> GTV Biz | CK25: =IFERROR(LARGE(INDEX(피벗!$EZ:$GE,MATCH(성장고객!$E25,피벗!$EY:$EY,0),0),2),"") -> 1632000 | CL25: =IFERROR(INDEX(피벗!$EZ$5:$GE$5,1,MATCH($CM25,INDEX(피벗!$EZ:$GE,MATCH($E25,피벗!$EY:$EY,0),0),0)),"") -> MeGA인터넷 | CM25: =IFERROR(LARGE(INDEX(피벗!$EZ:$GE,MATCH(성장고객!$E25,피벗!$EY:$EY,0),0),3),"") -> 1250700 | CN25: =IFERROR(INDEX(피벗!$EZ$5:$GE$5,1,MATCH($CO25,INDEX(피벗!$EZ:$GE,MATCH($E25,피벗!$EY:$EY,0),0),0)),"") -> 인터넷부가 | CO25: =IFERROR(LARGE(INDEX(피벗!$EZ:$GE,MATCH(성장고객!$E25,피벗!$EY:$EY,0),0),4),"") -> 984000 | CP25: =IFERROR(INDEX(피벗!$EZ$5:$GE$5,1,MATCH($CQ25,INDEX(피벗!$EZ:$GE,MATCH($E25,피벗!$EY:$EY,0),0),0)),"") -> GiGA인터넷 | CQ25: =IFERROR(LARGE(INDEX(피벗!$EZ:$GE,MATCH(성장고객!$E25,피벗!$EY:$EY,0),0),5),"") -> 720000 | CR25: =IFERROR(INDEX(피벗!$GF:$GF,MATCH($E25,피벗!$EY:$EY,0)),"") -> 7692672
A26: 경북법인고객담당 | B26: 법인고객영업3부 | C26: 법인고객영업1팀 | D26: 박하림 | E26: A0001281302 | F26: 탑앤양지 | G26: 법인가치고객 | H26: 본사 | I26: 1760110037504 | J26: 5138133516 | K26: 본사 | L26: 정상 | M26: 판매업 | N26: 공통 | O26: Retail/Service>도소매>무역, 중개업>무역업-종합 | P26: 19 | Q26: 한시성중소기업 | R26: 주식회사 | S26: 신규설립(개업) | T26: 정상 | U26: 경북 구미시 황상동 | V26: 500번지 | W26: 054 472 4997 | X26: 차량용 전장부문 | Y26: 경북 구미시 옥계2공단로 | Z26: 46-14 (황상동) | AA26: 214 | AB26: A- | AD26: 제조업 | AE26: {=IF(AF26="","",INDEX(전산회선!$E$4:$E$1141,_xlfn.AGGREGATE(15,6,ROW(전산회선!$E$4:$E$1141)-ROW(전산회선!$E$4)+1/((전산회선!$B$4:$B$1141=$E26)*(전산회선!$F$4:$F$1141=AF26)),1)))} -> 홈일반전화 | AF26: =IFERROR(IF(_xlfn.MAXIFS(전산회선!$F$4:$F$1141,전산회선!$B$4:$B$1141,$E26)=0,"",_xlfn.MAXIFS(전산회선!$F$4:$F$1141,전산회선!$B$4:$B$1141,$E26)),"") -> 8 | AG26: {=IF(AH26="","",INDEX(전산회선!$E$4:$E$1141,_xlfn.AGGREGATE(15,6,ROW(전산회선!$E$4:$E$1141)-ROW(전산회선!$E$4)+1/((전산회선!$B$4:$B$1141=$E26)*(전산회선!$F$4:$F$1141=AH26)),1)))} -> GiGA인터넷 | AH26: =IFERROR(IF(_xlfn.MAXIFS(전산회선!$F$4:$F$1141,전산회선!$B$4:$B$1141,$E26,전산회선!$F$4:$F$1141,"<"&AF26)=0,"",_xlfn.MAXIFS(전산회선!$F$4:$F$1141,전산회선!$B$4:$B$1141,$E26,전산회선!$F$4:$F$1141,"<"&AF26)),"") -> 5 | AI26: {=IF(AJ26="","",INDEX(전산회선!$E$4:$E$1141,_xlfn.AGGREGATE(15,6,ROW(전산회선!$E$4:$E$1141)-ROW(전산회선!$E$4)+1/((전산회선!$B$4:$B$1141=$E26)*(전산회선!$F$4:$F$1141=AJ26)),1)))} -> GTV | AJ26: =IFERROR(IF(_xlfn.MAXIFS(전산회선!$F$4:$F$1141,전산회선!$B$4:$B$1141,$E26,전산회선!$F$4:$F$1141,"<"&AH26)=0,"",_xlfn.MAXIFS(전산회선!$F$4:$F$1141,전산회선!$B$4:$B$1141,$E26,전산회선!$F$4:$F$1141,"<"&AH26)),"") -> 3 | AK26: {=IF(AL26="","",INDEX(전산회선!$E$4:$E$1141,_xlfn.AGGREGATE(15,6,ROW(전산회선!$E$4:$E$1141)-ROW(전산회선!$E$4)+1/((전산회선!$B$4:$B$1141=$E26)*(전산회선!$F$4:$F$1141=AL26)),1)))} -> IoT | AL26: =IFERROR(IF(_xlfn.MAXIFS(전산회선!$F$4:$F$1141,전산회선!$B$4:$B$1141,$E26,전산회선!$F$4:$F$1141,"<"&AJ26)=0,"",_xlfn.MAXIFS(전산회선!$F$4:$F$1141,전산회선!$B$4:$B$1141,$E26,전산회선!$F$4:$F$1141,"<"&AJ26)),"") -> 1 | AM26: {=IF(AN26="","",INDEX(전산회선!$E$4:$E$1141,_xlfn.AGGREGATE(15,6,ROW(전산회선!$E$4:$E$1141)-ROW(전산회선!$E$4)+1/((전산회선!$B$4:$B$1141=$E26)*(전산회선!$F$4:$F$1141=AN26)),1)))} | AN26: =IFERROR(IF(_xlfn.MAXIFS(전산회선!$F$4:$F$1141,전산회선!$B$4:$B$1141,$E26,전산회선!$F$4:$F$1141,"<"&AL26)=0,"",_xlfn.MAXIFS(전산회선!$F$4:$F$1141,전산회선!$B$4:$B$1141,$E26,전산회선!$F$4:$F$1141,"<"&AL26)),"") | AO26: 405286 | AP26: 439924 | AQ26: 455677 | AR26: 491015 | AS26: 777457 | AT26: 410902 | AU26: 416096 | AV26: 416698 | AW26: 407252 | AX26: 408093 | AY26: 383367 | AZ26: 380349 | BA26: 449343 | BB26: =SUM(AO26:AZ26) -> 5392116 | BC26: 24305 | BD26: 62551 | BE26: 67324 | BF26: 104021 | BG26: 105236 | BH26: 105236 | BI26: 105236 | BJ26: 105236 | BK26: 110236 | BL26: 110236 | BM26: 110236 | BN26: 110236 | BO26: 93340.75 | BP26: 1120089 | BQ26: =IFERROR(INDEX(피벗!$BL$5:$CH$5,1,MATCH($BR26,INDEX(피벗!$BL:$CH,MATCH($E26,피벗!$BJ:$BJ,0),0),0)),"") -> GiGA인터넷 | BR26: =IFERROR(LARGE(INDEX(피벗!$BL:$CH,MATCH(성장고객!$E26,피벗!$BJ:$BJ,0),0),1),"") -> 546527.1 | BS26: =IFERROR(BR26/$BB26,"") -> 0.1013567 | BT26: =IFERROR(INDEX(피벗!$BL$5:$CH$5,1,MATCH($BU26,INDEX(피벗!$BL:$CH,MATCH($E26,피벗!$BJ:$BJ,0),0),0)),"") -> GTV | BU26: =IFERROR(LARGE(INDEX(피벗!$BL:$CH,MATCH(성장고객!$E26,피벗!$BJ:$BJ,0),0),2),"") -> 388671.9 | BV26: =IFERROR(BU26/$BB26,"") -> 0.072081517 | BW26: =IFERROR(INDEX(피벗!$BL$5:$CH$5,1,MATCH($BX26,INDEX(피벗!$BL:$CH,MATCH($E26,피벗!$BJ:$BJ,0),0),0)),"") -> 기가지니 TV | BX26: =IFERROR(LARGE(INDEX(피벗!$BL:$CH,MATCH(성장고객!$E26,피벗!$BJ:$BJ,0),0),3),"") -> 144325 | BY26: =IFERROR(BX26/$BB26,"") -> 0.02676593 | BZ26: =IFERROR(INDEX(피벗!$BL$5:$CH$5,1,MATCH($CA26,INDEX(피벗!$BL:$CH,MATCH($E26,피벗!$BJ:$BJ,0),0),0)),"") -> 인터넷부가 | CA26: =IFERROR(LARGE(INDEX(피벗!$BL:$CH,MATCH(성장고객!$E26,피벗!$BJ:$BJ,0),0),4),"") -> 40565 | CB26: =IFERROR(CA26/$BB26,"") -> 0.0075230206 | CC26: =IFERROR(INDEX(피벗!$BL$5:$CH$5,1,MATCH($CD26,INDEX(피벗!$BL:$CH,MATCH($E26,피벗!$BJ:$BJ,0),0),0)),"") | CD26: =IFERROR(LARGE(INDEX(피벗!$BL:$CH,MATCH(성장고객!$E26,피벗!$BJ:$BJ,0),0),5),"") | CE26: =IFERROR(CD26/$BB26,"") | CF26: =IFERROR(INDEX(피벗!$CI:$CI,MATCH($E26,피벗!$BJ:$BJ,0)),"") -> 1120089 | CG26: =IFERROR(CF26/$BB26,"") -> 0.20772717 | CH26: =IFERROR(INDEX(피벗!$EZ$5:$GE$5,1,MATCH($CI26,INDEX(피벗!$EZ:$GE,MATCH($E26,피벗!$EY:$EY,0),0),0)),"") -> GiGA인터넷 | CI26: =IFERROR(LARGE(INDEX(피벗!$EZ:$GE,MATCH(성장고객!$E26,피벗!$EY:$EY,0),0),1),"") -> 1918817.1 | CJ26: =IFERROR(INDEX(피벗!$EZ$5:$GE$5,1,MATCH($CK26,INDEX(피벗!$EZ:$GE,MATCH($E26,피벗!$EY:$EY,0),0),0)),"") -> 인터넷부가 | CK26: =IFERROR(LARGE(INDEX(피벗!$EZ:$GE,MATCH(성장고객!$E26,피벗!$EY:$EY,0),0),2),"") -> 1418350 | CL26: =IFERROR(INDEX(피벗!$EZ$5:$GE$5,1,MATCH($CM26,INDEX(피벗!$EZ:$GE,MATCH($E26,피벗!$EY:$EY,0),0),0)),"") -> 홈일반전화 | CM26: =IFERROR(LARGE(INDEX(피벗!$EZ:$GE,MATCH(성장고객!$E26,피벗!$EY:$EY,0),0),3),"") -> 689820 | CN26: =IFERROR(INDEX(피벗!$EZ$5:$GE$5,1,MATCH($CO26,INDEX(피벗!$EZ:$GE,MATCH($E26,피벗!$EY:$EY,0),0),0)),"") -> MeGA인터넷 | CO26: =IFERROR(LARGE(INDEX(피벗!$EZ:$GE,MATCH(성장고객!$E26,피벗!$EY:$EY,0),0),4),"") -> 525032 | CP26: =IFERROR(INDEX(피벗!$EZ$5:$GE$5,1,MATCH($CQ26,INDEX(피벗!$EZ:$GE,MATCH($E26,피벗!$EY:$EY,0),0),0)),"") -> GTV | CQ26: =IFERROR(LARGE(INDEX(피벗!$EZ:$GE,MATCH(성장고객!$E26,피벗!$EY:$EY,0),0),5),"") -> 388671.9 | CR26: =IFERROR(INDEX(피벗!$GF:$GF,MATCH($E26,피벗!$EY:$EY,0)),"") -> 5392116
A27: 경북법인고객담당 | B27: 법인고객영업3부 | C27: 법인고객영업2팀 | D27: 신동희 | E27: A0001556033 | F27: 타타대우상용차대구경북판매(주) | G27: 법인가치고객 | H27: 본사 | I27: 1752110031743 | J27: 5138158856 | K27: 본사 | L27: 정상 | M27: 판매업 | N27: 공통 | O27: Retail/Service>도소매>자동차관련 판매>자동차판매-종합 | P27: 39 | Q27: 소기업 | R27: 주식회사 | S27: 신규설립(개업) | T27: 정상 | U27: 경북 칠곡군 왜관읍 | V27: 삼청리 989-1번지 | X27: 자동차, 건설기계 | Y27: 경북 칠곡군 왜관읍 칠곡대로 | Z27: 1921 (삼청리) | AA27: 0 | AB27: BB+ | AC27: 자동차 신품 판매업 | AD27: 제조업 | AE27: {=IF(AF27="","",INDEX(전산회선!$E$4:$E$1141,_xlfn.AGGREGATE(15,6,ROW(전산회선!$E$4:$E$1141)-ROW(전산회선!$E$4)+1/((전산회선!$B$4:$B$1141=$E27)*(전산회선!$F$4:$F$1141=AF27)),1)))} -> 기업인터넷전화 | AF27: =IFERROR(IF(_xlfn.MAXIFS(전산회선!$F$4:$F$1141,전산회선!$B$4:$B$1141,$E27)=0,"",_xlfn.MAXIFS(전산회선!$F$4:$F$1141,전산회선!$B$4:$B$1141,$E27)),"") -> 37 | AG27: {=IF(AH27="","",INDEX(전산회선!$E$4:$E$1141,_xlfn.AGGREGATE(15,6,ROW(전산회선!$E$4:$E$1141)-ROW(전산회선!$E$4)+1/((전산회선!$B$4:$B$1141=$E27)*(전산회선!$F$4:$F$1141=AH27)),1)))} -> 홈일반전화 | AH27: =IFERROR(IF(_xlfn.MAXIFS(전산회선!$F$4:$F$1141,전산회선!$B$4:$B$1141,$E27,전산회선!$F$4:$F$1141,"<"&AF27)=0,"",_xlfn.MAXIFS(전산회선!$F$4:$F$1141,전산회선!$B$4:$B$1141,$E27,전산회선!$F$4:$F$1141,"<"&AF27)),"") -> 9 | AI27: {=IF(AJ27="","",INDEX(전산회선!$E$4:$E$1141,_xlfn.AGGREGATE(15,6,ROW(전산회선!$E$4:$E$1141)-ROW(전산회선!$E$4)+1/((전산회선!$B$4:$B$1141=$E27)*(전산회선!$F$4:$F$1141=AJ27)),1)))} -> MeGA인터넷 | AJ27: =IFERROR(IF(_xlfn.MAXIFS(전산회선!$F$4:$F$1141,전산회선!$B$4:$B$1141,$E27,전산회선!$F$4:$F$1141,"<"&AH27)=0,"",_xlfn.MAXIFS(전산회선!$F$4:$F$1141,전산회선!$B$4:$B$1141,$E27,전산회선!$F$4:$F$1141,"<"&AH27)),"") -> 3 | AK27: {=IF(AL27="","",INDEX(전산회선!$E$4:$E$1141,_xlfn.AGGREGATE(15,6,ROW(전산회선!$E$4:$E$1141)-ROW(전산회선!$E$4)+1/((전산회선!$B$4:$B$1141=$E27)*(전산회선!$F$4:$F$1141=AL27)),1)))} -> GTV | AL27: =IFERROR(IF(_xlfn.MAXIFS(전산회선!$F$4:$F$1141,전산회선!$B$4:$B$1141,$E27,전산회선!$F$4:$F$1141,"<"&AJ27)=0,"",_xlfn.MAXIFS(전산회선!$F$4:$F$1141,전산회선!$B$4:$B$1141,$E27,전산회선!$F$4:$F$1141,"<"&AJ27)),"") -> 2 | AM27: {=IF(AN27="","",INDEX(전산회선!$E$4:$E$1141,_xlfn.AGGREGATE(15,6,ROW(전산회선!$E$4:$E$1141)-ROW(전산회선!$E$4)+1/((전산회선!$B$4:$B$1141=$E27)*(전산회선!$F$4:$F$1141=AN27)),1)))} -> 홈인터넷전화 | AN27: =IFERROR(IF(_xlfn.MAXIFS(전산회선!$F$4:$F$1141,전산회선!$B$4:$B$1141,$E27,전산회선!$F$4:$F$1141,"<"&AL27)=0,"",_xlfn.MAXIFS(전산회선!$F$4:$F$1141,전산회선!$B$4:$B$1141,$E27,전산회선!$F$4:$F$1141,"<"&AL27)),"") -> 1 | AO27: 268050 | AP27: 272769 | AQ27: 272662 | AR27: 273666 | AS27: 266091 | AT27: 272109 | AU27: 273807 | AV27: 282742 | AW27: 275039 | AX27: 259937 | AY27: 261000 | AZ27: 265370 | BA27: 270270.17 | BB27: =SUM(AO27:AZ27) -> 3243242 | BC27: 0 | BD27: 0 | BE27: 0 | BF27: 0 | BG27: 0 | BH27: 0 | BI27: 0 | BJ27: 0 | BK27: 0 | BL27: 0 | BM27: 0 | BN27: 0 | BO27: 0 | BP27: 0 | BQ27: =IFERROR(INDEX(피벗!$BL$5:$CH$5,1,MATCH($BR27,INDEX(피벗!$BL:$CH,MATCH($E27,피벗!$BJ:$BJ,0),0),0)),"") | BR27: =IFERROR(LARGE(INDEX(피벗!$BL:$CH,MATCH(성장고객!$E27,피벗!$BJ:$BJ,0),0),1),"") | BS27: =IFERROR(BR27/$BB27,"") | BT27: =IFERROR(INDEX(피벗!$BL$5:$CH$5,1,MATCH($BU27,INDEX(피벗!$BL:$CH,MATCH($E27,피벗!$BJ:$BJ,0),0),0)),"") | BU27: =IFERROR(LARGE(INDEX(피벗!$BL:$CH,MATCH(성장고객!$E27,피벗!$BJ:$BJ,0),0),2),"") | BV27: =IFERROR(BU27/$BB27,"") | BW27: =IFERROR(INDEX(피벗!$BL$5:$CH$5,1,MATCH($BX27,INDEX(피벗!$BL:$CH,MATCH($E27,피벗!$BJ:$BJ,0),0),0)),"") | BX27: =IFERROR(LARGE(INDEX(피벗!$BL:$CH,MATCH(성장고객!$E27,피벗!$BJ:$BJ,0),0),3),"") | BY27: =IFERROR(BX27/$BB27,"") | BZ27: =IFERROR(INDEX(피벗!$BL$5:$CH$5,1,MATCH($CA27,INDEX(피벗!$BL:$CH,MATCH($E27,피벗!$BJ:$BJ,0),0),0)),"") | CA27: =IFERROR(LARGE(INDEX(피벗!$BL:$CH,MATCH(성장고객!$E27,피벗!$BJ:$BJ,0),0),4),"") | CB27: =IFERROR(CA27/$BB27,"") | CC27: =IFERROR(INDEX(피벗!$BL$5:$CH$5,1,MATCH($CD27,INDEX(피벗!$BL:$CH,MATCH($E27,피벗!$BJ:$BJ,0),0),0)),"") | CD27: =IFERROR(LARGE(INDEX(피벗!$BL:$CH,MATCH(성장고객!$E27,피벗!$BJ:$BJ,0),0),5),"") | CE27: =IFERROR(CD27/$BB27,"") | CF27: =IFERROR(INDEX(피벗!$CI:$CI,MATCH($E27,피벗!$BJ:$BJ,0)),"") | CG27: =IFERROR(CF27/$BB27,"") | CH27: =IFERROR(INDEX(피벗!$EZ$5:$GE$5,1,MATCH($CI27,INDEX(피벗!$EZ:$GE,MATCH($E27,피벗!$EY:$EY,0),0),0)),"") -> 기업인터넷전화 | CI27: =IFERROR(LARGE(INDEX(피벗!$EZ:$GE,MATCH(성장고객!$E27,피벗!$EY:$EY,0),0),1),"") -> 1114447 | CJ27: =IFERROR(INDEX(피벗!$EZ$5:$GE$5,1,MATCH($CK27,INDEX(피벗!$EZ:$GE,MATCH($E27,피벗!$EY:$EY,0),0),0)),"") -> MeGA인터넷 | CK27: =IFERROR(LARGE(INDEX(피벗!$EZ:$GE,MATCH(성장고객!$E27,피벗!$EY:$EY,0),0),2),"") -> 856800 | CL27: =IFERROR(INDEX(피벗!$EZ$5:$GE$5,1,MATCH($CM27,INDEX(피벗!$EZ:$GE,MATCH($E27,피벗!$EY:$EY,0),0),0)),"") -> 홈일반전화 | CM27: =IFERROR(LARGE(INDEX(피벗!$EZ:$GE,MATCH(성장고객!$E27,피벗!$EY:$EY,0),0),3),"") -> 614058 | CN27: =IFERROR(INDEX(피벗!$EZ$5:$GE$5,1,MATCH($CO27,INDEX(피벗!$EZ:$GE,MATCH($E27,피벗!$EY:$EY,0),0),0)),"") -> GiGA인터넷 | CO27: =IFERROR(LARGE(INDEX(피벗!$EZ:$GE,MATCH(성장고객!$E27,피벗!$EY:$EY,0),0),4),"") -> 337637 | CP27: =IFERROR(INDEX(피벗!$EZ$5:$GE$5,1,MATCH($CQ27,INDEX(피벗!$EZ:$GE,MATCH($E27,피벗!$EY:$EY,0),0),0)),"") -> GTV | CQ27: =IFERROR(LARGE(INDEX(피벗!$EZ:$GE,MATCH(성장고객!$E27,피벗!$EY:$EY,0),0),5),"") -> 163200 | CR27: =IFERROR(INDEX(피벗!$GF:$GF,MATCH($E27,피벗!$EY:$EY,0)),"") -> 3243242
A28: 경북법인고객담당 | B28: 법인고객영업3부 | C28: 법인고객영업2팀 | D28: 권도경 | E28: L0000041760 | F28: 콜렉터신영(주) | G28: 법인가치고객 | H28: 본사 | I28: 1753110000374 | J28: 5138100621 | K28: 본사 | L28: 정상 | M28: 제조업 | N28: 기업 | O28: Manufacture>전자>전기전자장비>전자부품제조 | P28: 17 | Q28: 중기업 | R28: 주식회사 | S28: 신규설립(개업) | T28: 정상 | U28: 경북 구미시 산동읍 | V28: 봉산리 390번지 | W28: 054 470 0600 | X28: 자동차모터 부품인 정류자 외 | Y28: 경북 구미시 산동읍 산호대로45길 | Z28: 24 (봉산리) | AA28: 86 | AB28: BBB+ | AC28: 자동차용 전기장치 제조업 | AD28: 제조업 | AE28: {=IF(AF28="","",INDEX(전산회선!$E$4:$E$1141,_xlfn.AGGREGATE(15,6,ROW(전산회선!$E$4:$E$1141)-ROW(전산회선!$E$4)+1/((전산회선!$B$4:$B$1141=$E28)*(전산회선!$F$4:$F$1141=AF28)),1)))} -> 기업인터넷전화 | AF28: =IFERROR(IF(_xlfn.MAXIFS(전산회선!$F$4:$F$1141,전산회선!$B$4:$B$1141,$E28)=0,"",_xlfn.MAXIFS(전산회선!$F$4:$F$1141,전산회선!$B$4:$B$1141,$E28)),"") -> 42 | AG28: {=IF(AH28="","",INDEX(전산회선!$E$4:$E$1141,_xlfn.AGGREGATE(15,6,ROW(전산회선!$E$4:$E$1141)-ROW(전산회선!$E$4)+1/((전산회선!$B$4:$B$1141=$E28)*(전산회선!$F$4:$F$1141=AH28)),1)))} -> MeGA인터넷 | AH28: =IFERROR(IF(_xlfn.MAXIFS(전산회선!$F$4:$F$1141,전산회선!$B$4:$B$1141,$E28,전산회선!$F$4:$F$1141,"<"&AF28)=0,"",_xlfn.MAXIFS(전산회선!$F$4:$F$1141,전산회선!$B$4:$B$1141,$E28,전산회선!$F$4:$F$1141,"<"&AF28)),"") -> 6 | AI28: {=IF(AJ28="","",INDEX(전산회선!$E$4:$E$1141,_xlfn.AGGREGATE(15,6,ROW(전산회선!$E$4:$E$1141)-ROW(전산회선!$E$4)+1/((전산회선!$B$4:$B$1141=$E28)*(전산회선!$F$4:$F$1141=AJ28)),1)))} -> 홈일반전화 | AJ28: =IFERROR(IF(_xlfn.MAXIFS(전산회선!$F$4:$F$1141,전산회선!$B$4:$B$1141,$E28,전산회선!$F$4:$F$1141,"<"&AH28)=0,"",_xlfn.MAXIFS(전산회선!$F$4:$F$1141,전산회선!$B$4:$B$1141,$E28,전산회선!$F$4:$F$1141,"<"&AH28)),"") -> 2 | AK28: {=IF(AL28="","",INDEX(전산회선!$E$4:$E$1141,_xlfn.AGGREGATE(15,6,ROW(전산회선!$E$4:$E$1141)-ROW(전산회선!$E$4)+1/((전산회선!$B$4:$B$1141=$E28)*(전산회선!$F$4:$F$1141=AL28)),1)))} -> 3G | AL28: =IFERROR(IF(_xlfn.MAXIFS(전산회선!$F$4:$F$1141,전산회선!$B$4:$B$1141,$E28,전산회선!$F$4:$F$1141,"<"&AJ28)=0,"",_xlfn.MAXIFS(전산회선!$F$4:$F$1141,전산회선!$B$4:$B$1141,$E28,전산회선!$F$4:$F$1141,"<"&AJ28)),"") -> 1 | AM28: {=IF(AN28="","",INDEX(전산회선!$E$4:$E$1141,_xlfn.AGGREGATE(15,6,ROW(전산회선!$E$4:$E$1141)-ROW(전산회선!$E$4)+1/((전산회선!$B$4:$B$1141=$E28)*(전산회선!$F$4:$F$1141=AN28)),1)))} | AN28: =IFERROR(IF(_xlfn.MAXIFS(전산회선!$F$4:$F$1141,전산회선!$B$4:$B$1141,$E28,전산회선!$F$4:$F$1141,"<"&AL28)=0,"",_xlfn.MAXIFS(전산회선!$F$4:$F$1141,전산회선!$B$4:$B$1141,$E28,전산회선!$F$4:$F$1141,"<"&AL28)),"") | AO28: 315678 | AP28: 308865 | AQ28: 308215 | AR28: 316755 | AS28: 310452 | AT28: 301139 | AU28: 300600 | AV28: 304038 | AW28: 306771 | AX28: 301585 | AY28: 302996 | AZ28: 304496 | BA28: 306799.17 | BB28: =SUM(AO28:AZ28) -> 3681590 | BC28: 0 | BD28: 0 | BE28: 0 | BF28: 0 | BG28: 0 | BH28: 0 | BI28: 0 | BJ28: 0 | BK28: 0 | BL28: 0 | BM28: 0 | BN28: 0 | BO28: 0 | BP28: 0 | BQ28: =IFERROR(INDEX(피벗!$BL$5:$CH$5,1,MATCH($BR28,INDEX(피벗!$BL:$CH,MATCH($E28,피벗!$BJ:$BJ,0),0),0)),"") | BR28: =IFERROR(LARGE(INDEX(피벗!$BL:$CH,MATCH(성장고객!$E28,피벗!$BJ:$BJ,0),0),1),"") | BS28: =IFERROR(BR28/$BB28,"") | BT28: =IFERROR(INDEX(피벗!$BL$5:$CH$5,1,MATCH($BU28,INDEX(피벗!$BL:$CH,MATCH($E28,피벗!$BJ:$BJ,0),0),0)),"") | BU28: =IFERROR(LARGE(INDEX(피벗!$BL:$CH,MATCH(성장고객!$E28,피벗!$BJ:$BJ,0),0),2),"") | BV28: =IFERROR(BU28/$BB28,"") | BW28: =IFERROR(INDEX(피벗!$BL$5:$CH$5,1,MATCH($BX28,INDEX(피벗!$BL:$CH,MATCH($E28,피벗!$BJ:$BJ,0),0),0)),"") | BX28: =IFERROR(LARGE(INDEX(피벗!$BL:$CH,MATCH(성장고객!$E28,피벗!$BJ:$BJ,0),0),3),"") | BY28: =IFERROR(BX28/$BB28,"") | BZ28: =IFERROR(INDEX(피벗!$BL$5:$CH$5,1,MATCH($CA28,INDEX(피벗!$BL:$CH,MATCH($E28,피벗!$BJ:$BJ,0),0),0)),"") | CA28: =IFERROR(LARGE(INDEX(피벗!$BL:$CH,MATCH(성장고객!$E28,피벗!$BJ:$BJ,0),0),4),"") | CB28: =IFERROR(CA28/$BB28,"") | CC28: =IFERROR(INDEX(피벗!$BL$5:$CH$5,1,MATCH($CD28,INDEX(피벗!$BL:$CH,MATCH($E28,피벗!$BJ:$BJ,0),0),0)),"") | CD28: =IFERROR(LARGE(INDEX(피벗!$BL:$CH,MATCH(성장고객!$E28,피벗!$BJ:$BJ,0),0),5),"") | CE28: =IFERROR(CD28/$BB28,"") | CF28: =IFERROR(INDEX(피벗!$CI:$CI,MATCH($E28,피벗!$BJ:$BJ,0)),"") | CG28: =IFERROR(CF28/$BB28,"") | CH28: =IFERROR(INDEX(피벗!$EZ$5:$GE$5,1,MATCH($CI28,INDEX(피벗!$EZ:$GE,MATCH($E28,피벗!$EY:$EY,0),0),0)),"") -> MeGA인터넷 | CI28: =IFERROR(LARGE(INDEX(피벗!$EZ:$GE,MATCH(성장고객!$E28,피벗!$EY:$EY,0),0),1),"") -> 1647540 | CJ28: =IFERROR(INDEX(피벗!$EZ$5:$GE$5,1,MATCH($CK28,INDEX(피벗!$EZ:$GE,MATCH($E28,피벗!$EY:$EY,0),0),0)),"") -> GiGA인터넷 | CK28: =IFERROR(LARGE(INDEX(피벗!$EZ:$GE,MATCH(성장고객!$E28,피벗!$EY:$EY,0),0),2),"") -> 734215 | CL28: =IFERROR(INDEX(피벗!$EZ$5:$GE$5,1,MATCH($CM28,INDEX(피벗!$EZ:$GE,MATCH($E28,피벗!$EY:$EY,0),0),0)),"") -> 기업인터넷전화 | CM28: =IFERROR(LARGE(INDEX(피벗!$EZ:$GE,MATCH(성장고객!$E28,피벗!$EY:$EY,0),0),3),"") -> 574126 | CN28: =IFERROR(INDEX(피벗!$EZ$5:$GE$5,1,MATCH($CO28,INDEX(피벗!$EZ:$GE,MATCH($E28,피벗!$EY:$EY,0),0),0)),"") -> 3G | CO28: =IFERROR(LARGE(INDEX(피벗!$EZ:$GE,MATCH(성장고객!$E28,피벗!$EY:$EY,0),0),4),"") -> 212003 | CP28: =IFERROR(INDEX(피벗!$EZ$5:$GE$5,1,MATCH($CQ28,INDEX(피벗!$EZ:$GE,MATCH($E28,피벗!$EY:$EY,0),0),0)),"") -> TV PPV | CQ28: =IFERROR(LARGE(INDEX(피벗!$EZ:$GE,MATCH(성장고객!$E28,피벗!$EY:$EY,0),0),5),"") -> 178800 | CR28: =IFERROR(INDEX(피벗!$GF:$GF,MATCH($E28,피벗!$EY:$EY,0)),"") -> 3681590
A29: 경북법인고객담당 | B29: 법인고객영업3부 | C29: 법인고객영업1팀 | D29: 박하림 | E29: A0001215217 | F29: 케이비아이건설(주) | G29: 법인가치고객 | H29: 본사 | I29: 1748110020969 | J29: 5158116513 | K29: 본사 | L29: 정상 | M29: 건설업 | N29: 건설/호텔 | O29: Manufacture>중공업>건설>건설업-종합 | P29: 53 | Q29: 중기업 | R29: 주식회사 | S29: 신규설립(개업) | T29: 정상 | U29: 경북 구미시 임수동 | V29: 92-77번지 | W29: 054 473 1116 | X29: 토목건축공사업(광공업용 건축공사, 항만, 도로공사 외 ) | Y29: 경북 구미시 3공단1로 | Z29: 284 (임수동) | AA29: 78 | AB29: B+ | AC29: 기타 토목시설물 건설업 | AD29: 제조업 | AE29: {=IF(AF29="","",INDEX(전산회선!$E$4:$E$1141,_xlfn.AGGREGATE(15,6,ROW(전산회선!$E$4:$E$1141)-ROW(전산회선!$E$4)+1/((전산회선!$B$4:$B$1141=$E29)*(전산회선!$F$4:$F$1141=AF29)),1)))} -> 홈일반전화 | AF29: =IFERROR(IF(_xlfn.MAXIFS(전산회선!$F$4:$F$1141,전산회선!$B$4:$B$1141,$E29)=0,"",_xlfn.MAXIFS(전산회선!$F$4:$F$1141,전산회선!$B$4:$B$1141,$E29)),"") -> 16 | AG29: {=IF(AH29="","",INDEX(전산회선!$E$4:$E$1141,_xlfn.AGGREGATE(15,6,ROW(전산회선!$E$4:$E$1141)-ROW(전산회선!$E$4)+1/((전산회선!$B$4:$B$1141=$E29)*(전산회선!$F$4:$F$1141=AH29)),1)))} -> GiGA인터넷 | AH29: =IFERROR(IF(_xlfn.MAXIFS(전산회선!$F$4:$F$1141,전산회선!$B$4:$B$1141,$E29,전산회선!$F$4:$F$1141,"<"&AF29)=0,"",_xlfn.MAXIFS(전산회선!$F$4:$F$1141,전산회선!$B$4:$B$1141,$E29,전산회선!$F$4:$F$1141,"<"&AF29)),"") -> 11 | AI29: {=IF(AJ29="","",INDEX(전산회선!$E$4:$E$1141,_xlfn.AGGREGATE(15,6,ROW(전산회선!$E$4:$E$1141)-ROW(전산회선!$E$4)+1/((전산회선!$B$4:$B$1141=$E29)*(전산회선!$F$4:$F$1141=AJ29)),1)))} -> GTV | AJ29: =IFERROR(IF(_xlfn.MAXIFS(전산회선!$F$4:$F$1141,전산회선!$B$4:$B$1141,$E29,전산회선!$F$4:$F$1141,"<"&AH29)=0,"",_xlfn.MAXIFS(전산회선!$F$4:$F$1141,전산회선!$B$4:$B$1141,$E29,전산회선!$F$4:$F$1141,"<"&AH29)),"") -> 4 | AK29: {=IF(AL29="","",INDEX(전산회선!$E$4:$E$1141,_xlfn.AGGREGATE(15,6,ROW(전산회선!$E$4:$E$1141)-ROW(전산회선!$E$4)+1/((전산회선!$B$4:$B$1141=$E29)*(전산회선!$F$4:$F$1141=AL29)),1)))} -> GTS | AL29: =IFERROR(IF(_xlfn.MAXIFS(전산회선!$F$4:$F$1141,전산회선!$B$4:$B$1141,$E29,전산회선!$F$4:$F$1141,"<"&AJ29)=0,"",_xlfn.MAXIFS(전산회선!$F$4:$F$1141,전산회선!$B$4:$B$1141,$E29,전산회선!$F$4:$F$1141,"<"&AJ29)),"") -> 1 | AM29: {=IF(AN29="","",INDEX(전산회선!$E$4:$E$1141,_xlfn.AGGREGATE(15,6,ROW(전산회선!$E$4:$E$1141)-ROW(전산회선!$E$4)+1/((전산회선!$B$4:$B$1141=$E29)*(전산회선!$F$4:$F$1141=AN29)),1)))} | AN29: =IFERROR(IF(_xlfn.MAXIFS(전산회선!$F$4:$F$1141,전산회선!$B$4:$B$1141,$E29,전산회선!$F$4:$F$1141,"<"&AL29)=0,"",_xlfn.MAXIFS(전산회선!$F$4:$F$1141,전산회선!$B$4:$B$1141,$E29,전산회선!$F$4:$F$1141,"<"&AL29)),"") | AO29: 803631 | AP29: 766467 | AQ29: 760479 | AR29: 752763 | AS29: 753098 | AT29: 753626 | AU29: 660474 | AV29: 746404 | AW29: 748981 | AX29: 830506 | AY29: 852070 | AZ29: 771424 | BA29: 766660.25 | BB29: =SUM(AO29:AZ29) -> 9199923 | BC29: 137643 | BD29: 98318 | BE29: 101444 | BF29: 101911 | BG29: 102444 | BH29: 102444 | BI29: 102444 | BJ29: 189504 | BK29: 191840 | BL29: 264872 | BM29: 286702 | BN29: 218183 | BO29: 158145.75 | BP29: 1897749 | BQ29: =IFERROR(INDEX(피벗!$BL$5:$CH$5,1,MATCH($BR29,INDEX(피벗!$BL:$CH,MATCH($E29,피벗!$BJ:$BJ,0),0),0)),"") -> GiGA인터넷 | BR29: =IFERROR(LARGE(INDEX(피벗!$BL:$CH,MATCH(성장고객!$E29,피벗!$BJ:$BJ,0),0),1),"") -> 1191763 | BS29: =IFERROR(BR29/$BB29,"") -> 0.12954054 | BT29: =IFERROR(INDEX(피벗!$BL$5:$CH$5,1,MATCH($BU29,INDEX(피벗!$BL:$CH,MATCH($E29,피벗!$BJ:$BJ,0),0),0)),"") -> 홈일반전화 | BU29: =IFERROR(LARGE(INDEX(피벗!$BL:$CH,MATCH(성장고객!$E29,피벗!$BJ:$BJ,0),0),2),"") -> 332705.96 | BV29: =IFERROR(BU29/$BB29,"") -> 0.036163994 | BW29: =IFERROR(INDEX(피벗!$BL$5:$CH$5,1,MATCH($BX29,INDEX(피벗!$BL:$CH,MATCH($E29,피벗!$BJ:$BJ,0),0),0)),"") -> 홈지능망 | BX29: =IFERROR(LARGE(INDEX(피벗!$BL:$CH,MATCH(성장고객!$E29,피벗!$BJ:$BJ,0),0),3),"") -> 94892.041 | BY29: =IFERROR(BX29/$BB29,"") -> 0.010314439 | BZ29: =IFERROR(INDEX(피벗!$BL$5:$CH$5,1,MATCH($CA29,INDEX(피벗!$BL:$CH,MATCH($E29,피벗!$BJ:$BJ,0),0),0)),"") -> 인터넷부가 | CA29: =IFERROR(LARGE(INDEX(피벗!$BL:$CH,MATCH(성장고객!$E29,피벗!$BJ:$BJ,0),0),4),"") -> 89719 | CB29: =IFERROR(CA29/$BB29,"") -> 0.0097521468 | CC29: =IFERROR(INDEX(피벗!$BL$5:$CH$5,1,MATCH($CD29,INDEX(피벗!$BL:$CH,MATCH($E29,피벗!$BJ:$BJ,0),0),0)),"") -> GTV | CD29: =IFERROR(LARGE(INDEX(피벗!$BL:$CH,MATCH(성장고객!$E29,피벗!$BJ:$BJ,0),0),5),"") -> 85090 | CE29: =IFERROR(CD29/$BB29,"") -> 0.0092489905 | CF29: =IFERROR(INDEX(피벗!$CI:$CI,MATCH($E29,피벗!$BJ:$BJ,0)),"") -> 1897749 | CG29: =IFERROR(CF29/$BB29,"") -> 0.20627879 | CH29: =IFERROR(INDEX(피벗!$EZ$5:$GE$5,1,MATCH($CI29,INDEX(피벗!$EZ:$GE,MATCH($E29,피벗!$EY:$EY,0),0),0)),"") -> GiGA인터넷 | CI29: =IFERROR(LARGE(INDEX(피벗!$EZ:$GE,MATCH(성장고객!$E29,피벗!$EY:$EY,0),0),1),"") -> 5069334 | CJ29: =IFERROR(INDEX(피벗!$EZ$5:$GE$5,1,MATCH($CK29,INDEX(피벗!$EZ:$GE,MATCH($E29,피벗!$EY:$EY,0),0),0)),"") -> 홈일반전화 | CK29: =IFERROR(LARGE(INDEX(피벗!$EZ:$GE,MATCH(성장고객!$E29,피벗!$EY:$EY,0),0),2),"") -> 1389906 | CL29: =IFERROR(INDEX(피벗!$EZ$5:$GE$5,1,MATCH($CM29,INDEX(피벗!$EZ:$GE,MATCH($E29,피벗!$EY:$EY,0),0),0)),"") -> MeGA인터넷 | CM29: =IFERROR(LARGE(INDEX(피벗!$EZ:$GE,MATCH(성장고객!$E29,피벗!$EY:$EY,0),0),3),"") -> 1032786 | CN29: =IFERROR(INDEX(피벗!$EZ$5:$GE$5,1,MATCH($CO29,INDEX(피벗!$EZ:$GE,MATCH($E29,피벗!$EY:$EY,0),0),0)),"") -> GTV | CO29: =IFERROR(LARGE(INDEX(피벗!$EZ:$GE,MATCH(성장고객!$E29,피벗!$EY:$EY,0),0),4),"") -> 609753 | CP29: =IFERROR(INDEX(피벗!$EZ$5:$GE$5,1,MATCH($CQ29,INDEX(피벗!$EZ:$GE,MATCH($E29,피벗!$EY:$EY,0),0),0)),"") -> 인터넷부가 | CQ29: =IFERROR(LARGE(INDEX(피벗!$EZ:$GE,MATCH(성장고객!$E29,피벗!$EY:$EY,0),0),5),"") -> 421687 | CR29: =IFERROR(INDEX(피벗!$GF:$GF,MATCH($E29,피벗!$EY:$EY,0)),"") -> 9199923
A30: 경북법인고객담당 | B30: 법인고객영업3부 | C30: 법인고객영업2팀 | D30: 박종섭 | E30: 0CWKFOZIZER | F30: 케이브이머티리얼즈 주식회사 | G30: 핵심고객 | H30: 본사 | I30: 1760110144169 | J30: 3958102021 | AE30: {=IF(AF30="","",INDEX(전산회선!$E$4:$E$1141,_xlfn.AGGREGATE(15,6,ROW(전산회선!$E$4:$E$1141)-ROW(전산회선!$E$4)+1/((전산회선!$B$4:$B$1141=$E30)*(전산회선!$F$4:$F$1141=AF30)),1)))} -> IoT | AF30: =IFERROR(IF(_xlfn.MAXIFS(전산회선!$F$4:$F$1141,전산회선!$B$4:$B$1141,$E30)=0,"",_xlfn.MAXIFS(전산회선!$F$4:$F$1141,전산회선!$B$4:$B$1141,$E30)),"") -> 6 | AG30: {=IF(AH30="","",INDEX(전산회선!$E$4:$E$1141,_xlfn.AGGREGATE(15,6,ROW(전산회선!$E$4:$E$1141)-ROW(전산회선!$E$4)+1/((전산회선!$B$4:$B$1141=$E30)*(전산회선!$F$4:$F$1141=AH30)),1)))} -> GiGA인터넷 | AH30: =IFERROR(IF(_xlfn.MAXIFS(전산회선!$F$4:$F$1141,전산회선!$B$4:$B$1141,$E30,전산회선!$F$4:$F$1141,"<"&AF30)=0,"",_xlfn.MAXIFS(전산회선!$F$4:$F$1141,전산회선!$B$4:$B$1141,$E30,전산회선!$F$4:$F$1141,"<"&AF30)),"") -> 2 | AI30: {=IF(AJ30="","",INDEX(전산회선!$E$4:$E$1141,_xlfn.AGGREGATE(15,6,ROW(전산회선!$E$4:$E$1141)-ROW(전산회선!$E$4)+1/((전산회선!$B$4:$B$1141=$E30)*(전산회선!$F$4:$F$1141=AJ30)),1)))} | AJ30: =IFERROR(IF(_xlfn.MAXIFS(전산회선!$F$4:$F$1141,전산회선!$B$4:$B$1141,$E30,전산회선!$F$4:$F$1141,"<"&AH30)=0,"",_xlfn.MAXIFS(전산회선!$F$4:$F$1141,전산회선!$B$4:$B$1141,$E30,전산회선!$F$4:$F$1141,"<"&AH30)),"") | AK30: {=IF(AL30="","",INDEX(전산회선!$E$4:$E$1141,_xlfn.AGGREGATE(15,6,ROW(전산회선!$E$4:$E$1141)-ROW(전산회선!$E$4)+1/((전산회선!$B$4:$B$1141=$E30)*(전산회선!$F$4:$F$1141=AL30)),1)))} | AL30: =IFERROR(IF(_xlfn.MAXIFS(전산회선!$F$4:$F$1141,전산회선!$B$4:$B$1141,$E30,전산회선!$F$4:$F$1141,"<"&AJ30)=0,"",_xlfn.MAXIFS(전산회선!$F$4:$F$1141,전산회선!$B$4:$B$1141,$E30,전산회선!$F$4:$F$1141,"<"&AJ30)),"") | AM30: {=IF(AN30="","",INDEX(전산회선!$E$4:$E$1141,_xlfn.AGGREGATE(15,6,ROW(전산회선!$E$4:$E$1141)-ROW(전산회선!$E$4)+1/((전산회선!$B$4:$B$1141=$E30)*(전산회선!$F$4:$F$1141=AN30)),1)))} | AN30: =IFERROR(IF(_xlfn.MAXIFS(전산회선!$F$4:$F$1141,전산회선!$B$4:$B$1141,$E30,전산회선!$F$4:$F$1141,"<"&AL30)=0,"",_xlfn.MAXIFS(전산회선!$F$4:$F$1141,전산회선!$B$4:$B$1141,$E30,전산회선!$F$4:$F$1141,"<"&AL30)),"") | AO30: 263220 | AP30: 263220 | AQ30: 263220 | AR30: 263220 | AS30: 263220 | AT30: 263220 | AU30: 263220 | AV30: 263220 | AW30: 263220 | AX30: 263220 | AY30: 256000 | AZ30: 256000 | BA30: 262016.67 | BB30: =SUM(AO30:AZ30) -> 3144200 | BC30: 0 | BD30: 0 | BE30: 0 | BF30: 0 | BG30: 0 | BH30: 0 | BI30: 0 | BJ30: 0 | BK30: 0 | BL30: 0 | BM30: 0 | BN30: 0 | BO30: 0 | BP30: 0 | BQ30: =IFERROR(INDEX(피벗!$BL$5:$CH$5,1,MATCH($BR30,INDEX(피벗!$BL:$CH,MATCH($E30,피벗!$BJ:$BJ,0),0),0)),"") | BR30: =IFERROR(LARGE(INDEX(피벗!$BL:$CH,MATCH(성장고객!$E30,피벗!$BJ:$BJ,0),0),1),"") | BS30: =IFERROR(BR30/$BB30,"") | BT30: =IFERROR(INDEX(피벗!$BL$5:$CH$5,1,MATCH($BU30,INDEX(피벗!$BL:$CH,MATCH($E30,피벗!$BJ:$BJ,0),0),0)),"") | BU30: =IFERROR(LARGE(INDEX(피벗!$BL:$CH,MATCH(성장고객!$E30,피벗!$BJ:$BJ,0),0),2),"") | BV30: =IFERROR(BU30/$BB30,"") | BW30: =IFERROR(INDEX(피벗!$BL$5:$CH$5,1,MATCH($BX30,INDEX(피벗!$BL:$CH,MATCH($E30,피벗!$BJ:$BJ,0),0),0)),"") | BX30: =IFERROR(LARGE(INDEX(피벗!$BL:$CH,MATCH(성장고객!$E30,피벗!$BJ:$BJ,0),0),3),"") | BY30: =IFERROR(BX30/$BB30,"") | BZ30: =IFERROR(INDEX(피벗!$BL$5:$CH$5,1,MATCH($CA30,INDEX(피벗!$BL:$CH,MATCH($E30,피벗!$BJ:$BJ,0),0),0)),"") | CA30: =IFERROR(LARGE(INDEX(피벗!$BL:$CH,MATCH(성장고객!$E30,피벗!$BJ:$BJ,0),0),4),"") | CB30: =IFERROR(CA30/$BB30,"") | CC30: =IFERROR(INDEX(피벗!$BL$5:$CH$5,1,MATCH($CD30,INDEX(피벗!$BL:$CH,MATCH($E30,피벗!$BJ:$BJ,0),0),0)),"") | CD30: =IFERROR(LARGE(INDEX(피벗!$BL:$CH,MATCH(성장고객!$E30,피벗!$BJ:$BJ,0),0),5),"") | CE30: =IFERROR(CD30/$BB30,"") | CF30: =IFERROR(INDEX(피벗!$CI:$CI,MATCH($E30,피벗!$BJ:$BJ,0)),"") | CG30: =IFERROR(CF30/$BB30,"") | CH30: =IFERROR(INDEX(피벗!$EZ$5:$GE$5,1,MATCH($CI30,INDEX(피벗!$EZ:$GE,MATCH($E30,피벗!$EY:$EY,0),0),0)),"") -> 인터넷부가 | CI30: =IFERROR(LARGE(INDEX(피벗!$EZ:$GE,MATCH(성장고객!$E30,피벗!$EY:$EY,0),0),1),"") -> 1536000 | CJ30: =IFERROR(INDEX(피벗!$EZ$5:$GE$5,1,MATCH($CK30,INDEX(피벗!$EZ:$GE,MATCH($E30,피벗!$EY:$EY,0),0),0)),"") -> GiGA인터넷 | CK30: =IFERROR(LARGE(INDEX(피벗!$EZ:$GE,MATCH(성장고객!$E30,피벗!$EY:$EY,0),0),2),"") -> 1284000 | CL30: =IFERROR(INDEX(피벗!$EZ$5:$GE$5,1,MATCH($CM30,INDEX(피벗!$EZ:$GE,MATCH($E30,피벗!$EY:$EY,0),0),0)),"") -> IoT | CM30: =IFERROR(LARGE(INDEX(피벗!$EZ:$GE,MATCH(성장고객!$E30,피벗!$EY:$EY,0),0),3),"") -> 252000 | CN30: =IFERROR(INDEX(피벗!$EZ$5:$GE$5,1,MATCH($CO30,INDEX(피벗!$EZ:$GE,MATCH($E30,피벗!$EY:$EY,0),0),0)),"") -> 기업메시징 | CO30: =IFERROR(LARGE(INDEX(피벗!$EZ:$GE,MATCH(성장고객!$E30,피벗!$EY:$EY,0),0),4),"") -> 72200 | CP30: =IFERROR(INDEX(피벗!$EZ$5:$GE$5,1,MATCH($CQ30,INDEX(피벗!$EZ:$GE,MATCH($E30,피벗!$EY:$EY,0),0),0)),"") | CQ30: =IFERROR(LARGE(INDEX(피벗!$EZ:$GE,MATCH(성장고객!$E30,피벗!$EY:$EY,0),0),5),"") | CR30: =IFERROR(INDEX(피벗!$GF:$GF,MATCH($E30,피벗!$EY:$EY,0)),"") -> 3144200
A31: 경북법인고객담당 | B31: 법인고객영업2부 | C31: 법인고객영업2팀 | D31: 이대석 | E31: A0001243626 | F31: 청수산업주식회사 | G31: 법인가치고객 | H31: 본사 | I31: 1717110057777 | J31: 5068150915 | K31: 본사 | L31: 정상 | M31: 환경 | N31: 에너지/환경 | O31: Public>보건/복지업>환경 정화>분뇨수거 | P31: 5 | Q31: 중기업 | R31: 주식회사 | S31: 신규설립(개업) | T31: 정상 | U31: 경북 포항시 북구 흥해읍 | V31: 대련리 55번지 | W31: 054 261 7423 | X31: 분뇨처리 및 정화조청소 | Y31: 경북 포항시 북구 흥해읍 새마을로 | Z31: 260 (대련리) | AA31: 38 | AB31: BB- | AC31: 분뇨 처리업 | AD31: 제조업 | AE31: {=IF(AF31="","",INDEX(전산회선!$E$4:$E$1141,_xlfn.AGGREGATE(15,6,ROW(전산회선!$E$4:$E$1141)-ROW(전산회선!$E$4)+1/((전산회선!$B$4:$B$1141=$E31)*(전산회선!$F$4:$F$1141=AF31)),1)))} -> IoT | AF31: =IFERROR(IF(_xlfn.MAXIFS(전산회선!$F$4:$F$1141,전산회선!$B$4:$B$1141,$E31)=0,"",_xlfn.MAXIFS(전산회선!$F$4:$F$1141,전산회선!$B$4:$B$1141,$E31)),"") -> 1 | AG31: {=IF(AH31="","",INDEX(전산회선!$E$4:$E$1141,_xlfn.AGGREGATE(15,6,ROW(전산회선!$E$4:$E$1141)-ROW(전산회선!$E$4)+1/((전산회선!$B$4:$B$1141=$E31)*(전산회선!$F$4:$F$1141=AH31)),1)))} | AH31: =IFERROR(IF(_xlfn.MAXIFS(전산회선!$F$4:$F$1141,전산회선!$B$4:$B$1141,$E31,전산회선!$F$4:$F$1141,"<"&AF31)=0,"",_xlfn.MAXIFS(전산회선!$F$4:$F$1141,전산회선!$B$4:$B$1141,$E31,전산회선!$F$4:$F$1141,"<"&AF31)),"") | AI31: {=IF(AJ31="","",INDEX(전산회선!$E$4:$E$1141,_xlfn.AGGREGATE(15,6,ROW(전산회선!$E$4:$E$1141)-ROW(전산회선!$E$4)+1/((전산회선!$B$4:$B$1141=$E31)*(전산회선!$F$4:$F$1141=AJ31)),1)))} | AJ31: =IFERROR(IF(_xlfn.MAXIFS(전산회선!$F$4:$F$1141,전산회선!$B$4:$B$1141,$E31,전산회선!$F$4:$F$1141,"<"&AH31)=0,"",_xlfn.MAXIFS(전산회선!$F$4:$F$1141,전산회선!$B$4:$B$1141,$E31,전산회선!$F$4:$F$1141,"<"&AH31)),"") | AK31: {=IF(AL31="","",INDEX(전산회선!$E$4:$E$1141,_xlfn.AGGREGATE(15,6,ROW(전산회선!$E$4:$E$1141)-ROW(전산회선!$E$4)+1/((전산회선!$B$4:$B$1141=$E31)*(전산회선!$F$4:$F$1141=AL31)),1)))} | AL31: =IFERROR(IF(_xlfn.MAXIFS(전산회선!$F$4:$F$1141,전산회선!$B$4:$B$1141,$E31,전산회선!$F$4:$F$1141,"<"&AJ31)=0,"",_xlfn.MAXIFS(전산회선!$F$4:$F$1141,전산회선!$B$4:$B$1141,$E31,전산회선!$F$4:$F$1141,"<"&AJ31)),"") | AM31: {=IF(AN31="","",INDEX(전산회선!$E$4:$E$1141,_xlfn.AGGREGATE(15,6,ROW(전산회선!$E$4:$E$1141)-ROW(전산회선!$E$4)+1/((전산회선!$B$4:$B$1141=$E31)*(전산회선!$F$4:$F$1141=AN31)),1)))} | AN31: =IFERROR(IF(_xlfn.MAXIFS(전산회선!$F$4:$F$1141,전산회선!$B$4:$B$1141,$E31,전산회선!$F$4:$F$1141,"<"&AL31)=0,"",_xlfn.MAXIFS(전산회선!$F$4:$F$1141,전산회선!$B$4:$B$1141,$E31,전산회선!$F$4:$F$1141,"<"&AL31)),"") | AO31: 77754 | AP31: 78044 | AQ31: 78431 | AR31: 77835 | AS31: 78215 | AT31: 78704 | AU31: 77905 | AV31: 110625 | AW31: 79779 | AX31: 85980 | AY31: 86229 | AZ31: 86603 | BA31: 83008.667 | BB31: =SUM(AO31:AZ31) -> 996104 | BC31: 0 | BD31: 0 | BE31: 0 | BF31: 0 | BG31: 0 | BH31: 0 | BI31: 0 | BJ31: 32728 | BK31: 1752 | BL31: 8760 | BM31: 8760 | BN31: 8760 | BO31: 5063.3333 | BP31: 60760 | BQ31: =IFERROR(INDEX(피벗!$BL$5:$CH$5,1,MATCH($BR31,INDEX(피벗!$BL:$CH,MATCH($E31,피벗!$BJ:$BJ,0),0),0)),"") -> 홈일반전화 | BR31: =IFERROR(LARGE(INDEX(피벗!$BL:$CH,MATCH(성장고객!$E31,피벗!$BJ:$BJ,0),0),1),"") -> 48727.84 | BS31: =IFERROR(BR31/$BB31,"") -> 0.048918426 | BT31: =IFERROR(INDEX(피벗!$BL$5:$CH$5,1,MATCH($BU31,INDEX(피벗!$BL:$CH,MATCH($E31,피벗!$BJ:$BJ,0),0),0)),"") -> 홈지능망 | BU31: =IFERROR(LARGE(INDEX(피벗!$BL:$CH,MATCH(성장고객!$E31,피벗!$BJ:$BJ,0),0),2),"") -> 12032.16 | BV31: =IFERROR(BU31/$BB31,"") -> 0.012079221 | BW31: =IFERROR(INDEX(피벗!$BL$5:$CH$5,1,MATCH($BX31,INDEX(피벗!$BL:$CH,MATCH($E31,피벗!$BJ:$BJ,0),0),0)),"") -> AI기업지능망 | BX31: =IFERROR(LARGE(INDEX(피벗!$BL:$CH,MATCH(성장고객!$E31,피벗!$BJ:$BJ,0),0),3),"") -> 0 | BY31: =IFERROR(BX31/$BB31,"") -> 0 | BZ31: =IFERROR(INDEX(피벗!$BL$5:$CH$5,1,MATCH($CA31,INDEX(피벗!$BL:$CH,MATCH($E31,피벗!$BJ:$BJ,0),0),0)),"") | CA31: =IFERROR(LARGE(INDEX(피벗!$BL:$CH,MATCH(성장고객!$E31,피벗!$BJ:$BJ,0),0),4),"") | CB31: =IFERROR(CA31/$BB31,"") | CC31: =IFERROR(INDEX(피벗!$BL$5:$CH$5,1,MATCH($CD31,INDEX(피벗!$BL:$CH,MATCH($E31,피벗!$BJ:$BJ,0),0),0)),"") | CD31: =IFERROR(LARGE(INDEX(피벗!$BL:$CH,MATCH(성장고객!$E31,피벗!$BJ:$BJ,0),0),5),"") | CE31: =IFERROR(CD31/$BB31,"") | CF31: =IFERROR(INDEX(피벗!$CI:$CI,MATCH($E31,피벗!$BJ:$BJ,0)),"") -> 60760 | CG31: =IFERROR(CF31/$BB31,"") -> 0.060997647 | CH31: =IFERROR(INDEX(피벗!$EZ$5:$GE$5,1,MATCH($CI31,INDEX(피벗!$EZ:$GE,MATCH($E31,피벗!$EY:$EY,0),0),0)),"") -> GiGA인터넷 | CI31: =IFERROR(LARGE(INDEX(피벗!$EZ:$GE,MATCH(성장고객!$E31,피벗!$EY:$EY,0),0),1),"") -> 486000 | CJ31: =IFERROR(INDEX(피벗!$EZ$5:$GE$5,1,MATCH($CK31,INDEX(피벗!$EZ:$GE,MATCH($E31,피벗!$EY:$EY,0),0),0)),"") -> MeGA인터넷 | CK31: =IFERROR(LARGE(INDEX(피벗!$EZ:$GE,MATCH(성장고객!$E31,피벗!$EY:$EY,0),0),2),"") -> 246420 | CL31: =IFERROR(INDEX(피벗!$EZ$5:$GE$5,1,MATCH($CM31,INDEX(피벗!$EZ:$GE,MATCH($E31,피벗!$EY:$EY,0),0),0)),"") -> IoT | CM31: =IFERROR(LARGE(INDEX(피벗!$EZ:$GE,MATCH(성장고객!$E31,피벗!$EY:$EY,0),0),3),"") -> 120000 | CN31: =IFERROR(INDEX(피벗!$EZ$5:$GE$5,1,MATCH($CO31,INDEX(피벗!$EZ:$GE,MATCH($E31,피벗!$EY:$EY,0),0),0)),"") -> 홈일반전화 | CO31: =IFERROR(LARGE(INDEX(피벗!$EZ:$GE,MATCH(성장고객!$E31,피벗!$EY:$EY,0),0),4),"") -> 48727.84 | CP31: =IFERROR(INDEX(피벗!$EZ$5:$GE$5,1,MATCH($CQ31,INDEX(피벗!$EZ:$GE,MATCH($E31,피벗!$EY:$EY,0),0),0)),"") -> 기업인터넷전화 | CQ31: =IFERROR(LARGE(INDEX(피벗!$EZ:$GE,MATCH(성장고객!$E31,피벗!$EY:$EY,0),0),5),"") -> 44980 | CR31: =IFERROR(INDEX(피벗!$GF:$GF,MATCH($E31,피벗!$EY:$EY,0)),"") -> 996104
A32: 경북법인고객담당 | B32: 법인고객영업1부 | C32: 법인고객영업2팀 | D32: 서유정 | E32: 1-I5XPUN | F32: 청량산비나리마을영농조합법인 | G32: 법인가치고객 | H32: 본사 | I32: 1757710002110 | J32: 5128119791 | K32: 본사 | L32: 정상 | M32: 1차산업 | N32: 공통 | O32: Retail/Service>숙박/음식점/부동산/임대업>음식점>음식점-기사식당 | P32: 2 | Q32: 소상공인 | R32: 기타법인 | S32: 신규설립(개업) | T32: 정상 | U32: 경북 봉화군 명호면 | V32: 풍호리 227-7번지 | Y32: 경북 봉화군 명호면 비나리길 | Z32: 141 (풍호리) | AA32: 0 | AC32: 기타 시설작물 재배업 | AD32: 제조업 | AE32: {=IF(AF32="","",INDEX(전산회선!$E$4:$E$1141,_xlfn.AGGREGATE(15,6,ROW(전산회선!$E$4:$E$1141)-ROW(전산회선!$E$4)+1/((전산회선!$B$4:$B$1141=$E32)*(전산회선!$F$4:$F$1141=AF32)),1)))} -> 홈일반전화 | AF32: =IFERROR(IF(_xlfn.MAXIFS(전산회선!$F$4:$F$1141,전산회선!$B$4:$B$1141,$E32)=0,"",_xlfn.MAXIFS(전산회선!$F$4:$F$1141,전산회선!$B$4:$B$1141,$E32)),"") -> 2 | AG32: {=IF(AH32="","",INDEX(전산회선!$E$4:$E$1141,_xlfn.AGGREGATE(15,6,ROW(전산회선!$E$4:$E$1141)-ROW(전산회선!$E$4)+1/((전산회선!$B$4:$B$1141=$E32)*(전산회선!$F$4:$F$1141=AH32)),1)))} | AH32: =IFERROR(IF(_xlfn.MAXIFS(전산회선!$F$4:$F$1141,전산회선!$B$4:$B$1141,$E32,전산회선!$F$4:$F$1141,"<"&AF32)=0,"",_xlfn.MAXIFS(전산회선!$F$4:$F$1141,전산회선!$B$4:$B$1141,$E32,전산회선!$F$4:$F$1141,"<"&AF32)),"") | AI32: {=IF(AJ32="","",INDEX(전산회선!$E$4:$E$1141,_xlfn.AGGREGATE(15,6,ROW(전산회선!$E$4:$E$1141)-ROW(전산회선!$E$4)+1/((전산회선!$B$4:$B$1141=$E32)*(전산회선!$F$4:$F$1141=AJ32)),1)))} | AJ32: =IFERROR(IF(_xlfn.MAXIFS(전산회선!$F$4:$F$1141,전산회선!$B$4:$B$1141,$E32,전산회선!$F$4:$F$1141,"<"&AH32)=0,"",_xlfn.MAXIFS(전산회선!$F$4:$F$1141,전산회선!$B$4:$B$1141,$E32,전산회선!$F$4:$F$1141,"<"&AH32)),"") | AK32: {=IF(AL32="","",INDEX(전산회선!$E$4:$E$1141,_xlfn.AGGREGATE(15,6,ROW(전산회선!$E$4:$E$1141)-ROW(전산회선!$E$4)+1/((전산회선!$B$4:$B$1141=$E32)*(전산회선!$F$4:$F$1141=AL32)),1)))} | AL32: =IFERROR(IF(_xlfn.MAXIFS(전산회선!$F$4:$F$1141,전산회선!$B$4:$B$1141,$E32,전산회선!$F$4:$F$1141,"<"&AJ32)=0,"",_xlfn.MAXIFS(전산회선!$F$4:$F$1141,전산회선!$B$4:$B$1141,$E32,전산회선!$F$4:$F$1141,"<"&AJ32)),"") | AM32: {=IF(AN32="","",INDEX(전산회선!$E$4:$E$1141,_xlfn.AGGREGATE(15,6,ROW(전산회선!$E$4:$E$1141)-ROW(전산회선!$E$4)+1/((전산회선!$B$4:$B$1141=$E32)*(전산회선!$F$4:$F$1141=AN32)),1)))} | AN32: =IFERROR(IF(_xlfn.MAXIFS(전산회선!$F$4:$F$1141,전산회선!$B$4:$B$1141,$E32,전산회선!$F$4:$F$1141,"<"&AL32)=0,"",_xlfn.MAXIFS(전산회선!$F$4:$F$1141,전산회선!$B$4:$B$1141,$E32,전산회선!$F$4:$F$1141,"<"&AL32)),"") | AO32: 39656 | AP32: 38104 | AQ32: 38945 | AR32: 38858 | AS32: 39931 | AT32: 40758 | AU32: 25246 | AV32: 8177 | AW32: 8597 | AX32: 8931 | AY32: 7814 | AZ32: 7988 | BA32: 25250.417 | BB32: =SUM(AO32:AZ32) -> 303005 | BC32: 0 | BD32: 0 | BE32: 0 | BF32: 0 | BG32: 0 | BH32: 0 | BI32: 0 | BJ32: 0 | BK32: 0 | BL32: 0 | BM32: 0 | BN32: 0 | BO32: 0 | BP32: 0 | BQ32: =IFERROR(INDEX(피벗!$BL$5:$CH$5,1,MATCH($BR32,INDEX(피벗!$BL:$CH,MATCH($E32,피벗!$BJ:$BJ,0),0),0)),"") | BR32: =IFERROR(LARGE(INDEX(피벗!$BL:$CH,MATCH(성장고객!$E32,피벗!$BJ:$BJ,0),0),1),"") | BS32: =IFERROR(BR32/$BB32,"") | BT32: =IFERROR(INDEX(피벗!$BL$5:$CH$5,1,MATCH($BU32,INDEX(피벗!$BL:$CH,MATCH($E32,피벗!$BJ:$BJ,0),0),0)),"") | BU32: =IFERROR(LARGE(INDEX(피벗!$BL:$CH,MATCH(성장고객!$E32,피벗!$BJ:$BJ,0),0),2),"") | BV32: =IFERROR(BU32/$BB32,"") | BW32: =IFERROR(INDEX(피벗!$BL$5:$CH$5,1,MATCH($BX32,INDEX(피벗!$BL:$CH,MATCH($E32,피벗!$BJ:$BJ,0),0),0)),"") | BX32: =IFERROR(LARGE(INDEX(피벗!$BL:$CH,MATCH(성장고객!$E32,피벗!$BJ:$BJ,0),0),3),"") | BY32: =IFERROR(BX32/$BB32,"") | BZ32: =IFERROR(INDEX(피벗!$BL$5:$CH$5,1,MATCH($CA32,INDEX(피벗!$BL:$CH,MATCH($E32,피벗!$BJ:$BJ,0),0),0)),"") | CA32: =IFERROR(LARGE(INDEX(피벗!$BL:$CH,MATCH(성장고객!$E32,피벗!$BJ:$BJ,0),0),4),"") | CB32: =IFERROR(CA32/$BB32,"") | CC32: =IFERROR(INDEX(피벗!$BL$5:$CH$5,1,MATCH($CD32,INDEX(피벗!$BL:$CH,MATCH($E32,피벗!$BJ:$BJ,0),0),0)),"") | CD32: =IFERROR(LARGE(INDEX(피벗!$BL:$CH,MATCH(성장고객!$E32,피벗!$BJ:$BJ,0),0),5),"") | CE32: =IFERROR(CD32/$BB32,"") | CF32: =IFERROR(INDEX(피벗!$CI:$CI,MATCH($E32,피벗!$BJ:$BJ,0)),"") | CG32: =IFERROR(CF32/$BB32,"") | CH32: =IFERROR(INDEX(피벗!$EZ$5:$GE$5,1,MATCH($CI32,INDEX(피벗!$EZ:$GE,MATCH($E32,피벗!$EY:$EY,0),0),0)),"") -> GiGA인터넷 | CI32: =IFERROR(LARGE(INDEX(피벗!$EZ:$GE,MATCH(성장고객!$E32,피벗!$EY:$EY,0),0),1),"") -> 194517 | CJ32: =IFERROR(INDEX(피벗!$EZ$5:$GE$5,1,MATCH($CK32,INDEX(피벗!$EZ:$GE,MATCH($E32,피벗!$EY:$EY,0),0),0)),"") -> 홈일반전화 | CK32: =IFERROR(LARGE(INDEX(피벗!$EZ:$GE,MATCH(성장고객!$E32,피벗!$EY:$EY,0),0),2),"") -> 108488 | CL32: =IFERROR(INDEX(피벗!$EZ$5:$GE$5,1,MATCH($CM32,INDEX(피벗!$EZ:$GE,MATCH($E32,피벗!$EY:$EY,0),0),0)),"") | CM32: =IFERROR(LARGE(INDEX(피벗!$EZ:$GE,MATCH(성장고객!$E32,피벗!$EY:$EY,0),0),3),"") | CN32: =IFERROR(INDEX(피벗!$EZ$5:$GE$5,1,MATCH($CO32,INDEX(피벗!$EZ:$GE,MATCH($E32,피벗!$EY:$EY,0),0),0)),"") | CO32: =IFERROR(LARGE(INDEX(피벗!$EZ:$GE,MATCH(성장고객!$E32,피벗!$EY:$EY,0),0),4),"") | CP32: =IFERROR(INDEX(피벗!$EZ$5:$GE$5,1,MATCH($CQ32,INDEX(피벗!$EZ:$GE,MATCH($E32,피벗!$EY:$EY,0),0),0)),"") | CQ32: =IFERROR(LARGE(INDEX(피벗!$EZ:$GE,MATCH(성장고객!$E32,피벗!$EY:$EY,0),0),5),"") | CR32: =IFERROR(INDEX(피벗!$GF:$GF,MATCH($E32,피벗!$EY:$EY,0)),"") -> 303005
A33: 경북법인고객담당 | B33: 법인고객영업1부 | C33: 법인고객영업1팀 | D33: 권항구 | E33: L0001763296 | F33: 청기면사무소 | G33: 법인가치고객 | H33: 본사 | J33: 5088302451 | K33: 본사 | L33: 정상 | M33: 지자체/공공 | N33: 공공 | O33: Public>공공>정부/관청>면사무소 | P33: 8 | AA33: 0 | AE33: {=IF(AF33="","",INDEX(전산회선!$E$4:$E$1141,_xlfn.AGGREGATE(15,6,ROW(전산회선!$E$4:$E$1141)-ROW(전산회선!$E$4)+1/((전산회선!$B$4:$B$1141=$E33)*(전산회선!$F$4:$F$1141=AF33)),1)))} -> GTV | AF33: =IFERROR(IF(_xlfn.MAXIFS(전산회선!$F$4:$F$1141,전산회선!$B$4:$B$1141,$E33)=0,"",_xlfn.MAXIFS(전산회선!$F$4:$F$1141,전산회선!$B$4:$B$1141,$E33)),"") -> 4 | AG33: {=IF(AH33="","",INDEX(전산회선!$E$4:$E$1141,_xlfn.AGGREGATE(15,6,ROW(전산회선!$E$4:$E$1141)-ROW(전산회선!$E$4)+1/((전산회선!$B$4:$B$1141=$E33)*(전산회선!$F$4:$F$1141=AH33)),1)))} -> MeGA인터넷 | AH33: =IFERROR(IF(_xlfn.MAXIFS(전산회선!$F$4:$F$1141,전산회선!$B$4:$B$1141,$E33,전산회선!$F$4:$F$1141,"<"&AF33)=0,"",_xlfn.MAXIFS(전산회선!$F$4:$F$1141,전산회선!$B$4:$B$1141,$E33,전산회선!$F$4:$F$1141,"<"&AF33)),"") -> 2 | AI33: {=IF(AJ33="","",INDEX(전산회선!$E$4:$E$1141,_xlfn.AGGREGATE(15,6,ROW(전산회선!$E$4:$E$1141)-ROW(전산회선!$E$4)+1/((전산회선!$B$4:$B$1141=$E33)*(전산회선!$F$4:$F$1141=AJ33)),1)))} -> 홈인터넷전화 | AJ33: =IFERROR(IF(_xlfn.MAXIFS(전산회선!$F$4:$F$1141,전산회선!$B$4:$B$1141,$E33,전산회선!$F$4:$F$1141,"<"&AH33)=0,"",_xlfn.MAXIFS(전산회선!$F$4:$F$1141,전산회선!$B$4:$B$1141,$E33,전산회선!$F$4:$F$1141,"<"&AH33)),"") -> 1 | AK33: {=IF(AL33="","",INDEX(전산회선!$E$4:$E$1141,_xlfn.AGGREGATE(15,6,ROW(전산회선!$E$4:$E$1141)-ROW(전산회선!$E$4)+1/((전산회선!$B$4:$B$1141=$E33)*(전산회선!$F$4:$F$1141=AL33)),1)))} | AL33: =IFERROR(IF(_xlfn.MAXIFS(전산회선!$F$4:$F$1141,전산회선!$B$4:$B$1141,$E33,전산회선!$F$4:$F$1141,"<"&AJ33)=0,"",_xlfn.MAXIFS(전산회선!$F$4:$F$1141,전산회선!$B$4:$B$1141,$E33,전산회선!$F$4:$F$1141,"<"&AJ33)),"") | AM33: {=IF(AN33="","",INDEX(전산회선!$E$4:$E$1141,_xlfn.AGGREGATE(15,6,ROW(전산회선!$E$4:$E$1141)-ROW(전산회선!$E$4)+1/((전산회선!$B$4:$B$1141=$E33)*(전산회선!$F$4:$F$1141=AN33)),1)))} | AN33: =IFERROR(IF(_xlfn.MAXIFS(전산회선!$F$4:$F$1141,전산회선!$B$4:$B$1141,$E33,전산회선!$F$4:$F$1141,"<"&AL33)=0,"",_xlfn.MAXIFS(전산회선!$F$4:$F$1141,전산회선!$B$4:$B$1141,$E33,전산회선!$F$4:$F$1141,"<"&AL33)),"") | AO33: 46760 | AP33: 46760 | AQ33: 46760 | AR33: 46760 | AS33: 59122 | AT33: 87063 | AU33: 85663 | AV33: 85663 | AW33: 85663 | AX33: 85663 | AY33: 85663 | AZ33: 85663 | BA33: 70600.25 | BB33: =SUM(AO33:AZ33) -> 847203 | BC33: 0 | BD33: 0 | BE33: 0 | BF33: 0 | BG33: 12362 | BH33: 40303 | BI33: 38903 | BJ33: 38903 | BK33: 38903 | BL33: 38903 | BM33: 38903 | BN33: 38903 | BO33: 23840.25 | BP33: 286083 | BQ33: =IFERROR(INDEX(피벗!$BL$5:$CH$5,1,MATCH($BR33,INDEX(피벗!$BL:$CH,MATCH($E33,피벗!$BJ:$BJ,0),0),0)),"") -> MeGA인터넷 | BR33: =IFERROR(LARGE(INDEX(피벗!$BL:$CH,MATCH(성장고객!$E33,피벗!$BJ:$BJ,0),0),1),"") -> 152655 | BS33: =IFERROR(BR33/$BB33,"") -> 0.18018704 | BT33: =IFERROR(INDEX(피벗!$BL$5:$CH$5,1,MATCH($BU33,INDEX(피벗!$BL:$CH,MATCH($E33,피벗!$BJ:$BJ,0),0),0)),"") -> GTV | BU33: =IFERROR(LARGE(INDEX(피벗!$BL:$CH,MATCH(성장고객!$E33,피벗!$BJ:$BJ,0),0),2),"") -> 102866 | BV33: =IFERROR(BU33/$BB33,"") -> 0.12141836 | BW33: =IFERROR(INDEX(피벗!$BL$5:$CH$5,1,MATCH($BX33,INDEX(피벗!$BL:$CH,MATCH($E33,피벗!$BJ:$BJ,0),0),0)),"") -> 기가지니 TV | BX33: =IFERROR(LARGE(INDEX(피벗!$BL:$CH,MATCH(성장고객!$E33,피벗!$BJ:$BJ,0),0),3),"") -> 21871 | BY33: =IFERROR(BX33/$BB33,"") -> 0.025815537 | BZ33: =IFERROR(INDEX(피벗!$BL$5:$CH$5,1,MATCH($CA33,INDEX(피벗!$BL:$CH,MATCH($E33,피벗!$BJ:$BJ,0),0),0)),"") -> 인터넷부가 | CA33: =IFERROR(LARGE(INDEX(피벗!$BL:$CH,MATCH(성장고객!$E33,피벗!$BJ:$BJ,0),0),4),"") -> 7291 | CB33: =IFERROR(CA33/$BB33,"") -> 0.0086059657 | CC33: =IFERROR(INDEX(피벗!$BL$5:$CH$5,1,MATCH($CD33,INDEX(피벗!$BL:$CH,MATCH($E33,피벗!$BJ:$BJ,0),0),0)),"") -> TV PPV | CD33: =IFERROR(LARGE(INDEX(피벗!$BL:$CH,MATCH(성장고객!$E33,피벗!$BJ:$BJ,0),0),5),"") -> 1400 | CE33: =IFERROR(CD33/$BB33,"") -> 0.0016524965 | CF33: =IFERROR(INDEX(피벗!$CI:$CI,MATCH($E33,피벗!$BJ:$BJ,0)),"") -> 286083 | CG33: =IFERROR(CF33/$BB33,"") -> 0.3376794 | CH33: =IFERROR(INDEX(피벗!$EZ$5:$GE$5,1,MATCH($CI33,INDEX(피벗!$EZ:$GE,MATCH($E33,피벗!$EY:$EY,0),0),0)),"") -> MeGA인터넷 | CI33: =IFERROR(LARGE(INDEX(피벗!$EZ:$GE,MATCH(성장고객!$E33,피벗!$EY:$EY,0),0),1),"") -> 417855 | CJ33: =IFERROR(INDEX(피벗!$EZ$5:$GE$5,1,MATCH($CK33,INDEX(피벗!$EZ:$GE,MATCH($E33,피벗!$EY:$EY,0),0),0)),"") -> GTV | CK33: =IFERROR(LARGE(INDEX(피벗!$EZ:$GE,MATCH(성장고객!$E33,피벗!$EY:$EY,0),0),2),"") -> 344786 | CL33: =IFERROR(INDEX(피벗!$EZ$5:$GE$5,1,MATCH($CM33,INDEX(피벗!$EZ:$GE,MATCH($E33,피벗!$EY:$EY,0),0),0)),"") -> 홈일반전화 | CM33: =IFERROR(LARGE(INDEX(피벗!$EZ:$GE,MATCH(성장고객!$E33,피벗!$EY:$EY,0),0),3),"") -> 30000 | CN33: =IFERROR(INDEX(피벗!$EZ$5:$GE$5,1,MATCH($CO33,INDEX(피벗!$EZ:$GE,MATCH($E33,피벗!$EY:$EY,0),0),0)),"") -> 홈인터넷전화 | CO33: =IFERROR(LARGE(INDEX(피벗!$EZ:$GE,MATCH(성장고객!$E33,피벗!$EY:$EY,0),0),4),"") -> 24000 | CP33: =IFERROR(INDEX(피벗!$EZ$5:$GE$5,1,MATCH($CQ33,INDEX(피벗!$EZ:$GE,MATCH($E33,피벗!$EY:$EY,0),0),0)),"") -> 기가지니 TV | CQ33: =IFERROR(LARGE(INDEX(피벗!$EZ:$GE,MATCH(성장고객!$E33,피벗!$EY:$EY,0),0),5),"") -> 21871 | CR33: =IFERROR(INDEX(피벗!$GF:$GF,MATCH($E33,피벗!$EY:$EY,0)),"") -> 847203
A34: 경북법인고객담당 | B34: 법인고객영업1부 | C34: 법인고객영업1팀 | D34: 권항구 | E34: L0001763295 | F34: 진보면사무소 | G34: 법인가치고객 | H34: 본사 | J34: 5088301845 | K34: 본사 | L34: 기타 | M34: 지자체/공공 | N34: 공공 | P34: 9 | AA34: 0 | AE34: {=IF(AF34="","",INDEX(전산회선!$E$4:$E$1141,_xlfn.AGGREGATE(15,6,ROW(전산회선!$E$4:$E$1141)-ROW(전산회선!$E$4)+1/((전산회선!$B$4:$B$1141=$E34)*(전산회선!$F$4:$F$1141=AF34)),1)))} -> 홈일반전화 | AF34: =IFERROR(IF(_xlfn.MAXIFS(전산회선!$F$4:$F$1141,전산회선!$B$4:$B$1141,$E34)=0,"",_xlfn.MAXIFS(전산회선!$F$4:$F$1141,전산회선!$B$4:$B$1141,$E34)),"") -> 7 | AG34: {=IF(AH34="","",INDEX(전산회선!$E$4:$E$1141,_xlfn.AGGREGATE(15,6,ROW(전산회선!$E$4:$E$1141)-ROW(전산회선!$E$4)+1/((전산회선!$B$4:$B$1141=$E34)*(전산회선!$F$4:$F$1141=AH34)),1)))} -> 홈인터넷전화 | AH34: =IFERROR(IF(_xlfn.MAXIFS(전산회선!$F$4:$F$1141,전산회선!$B$4:$B$1141,$E34,전산회선!$F$4:$F$1141,"<"&AF34)=0,"",_xlfn.MAXIFS(전산회선!$F$4:$F$1141,전산회선!$B$4:$B$1141,$E34,전산회선!$F$4:$F$1141,"<"&AF34)),"") -> 2 | AI34: {=IF(AJ34="","",INDEX(전산회선!$E$4:$E$1141,_xlfn.AGGREGATE(15,6,ROW(전산회선!$E$4:$E$1141)-ROW(전산회선!$E$4)+1/((전산회선!$B$4:$B$1141=$E34)*(전산회선!$F$4:$F$1141=AJ34)),1)))} | AJ34: =IFERROR(IF(_xlfn.MAXIFS(전산회선!$F$4:$F$1141,전산회선!$B$4:$B$1141,$E34,전산회선!$F$4:$F$1141,"<"&AH34)=0,"",_xlfn.MAXIFS(전산회선!$F$4:$F$1141,전산회선!$B$4:$B$1141,$E34,전산회선!$F$4:$F$1141,"<"&AH34)),"") | AK34: {=IF(AL34="","",INDEX(전산회선!$E$4:$E$1141,_xlfn.AGGREGATE(15,6,ROW(전산회선!$E$4:$E$1141)-ROW(전산회선!$E$4)+1/((전산회선!$B$4:$B$1141=$E34)*(전산회선!$F$4:$F$1141=AL34)),1)))} | AL34: =IFERROR(IF(_xlfn.MAXIFS(전산회선!$F$4:$F$1141,전산회선!$B$4:$B$1141,$E34,전산회선!$F$4:$F$1141,"<"&AJ34)=0,"",_xlfn.MAXIFS(전산회선!$F$4:$F$1141,전산회선!$B$4:$B$1141,$E34,전산회선!$F$4:$F$1141,"<"&AJ34)),"") | AM34: {=IF(AN34="","",INDEX(전산회선!$E$4:$E$1141,_xlfn.AGGREGATE(15,6,ROW(전산회선!$E$4:$E$1141)-ROW(전산회선!$E$4)+1/((전산회선!$B$4:$B$1141=$E34)*(전산회선!$F$4:$F$1141=AN34)),1)))} | AN34: =IFERROR(IF(_xlfn.MAXIFS(전산회선!$F$4:$F$1141,전산회선!$B$4:$B$1141,$E34,전산회선!$F$4:$F$1141,"<"&AL34)=0,"",_xlfn.MAXIFS(전산회선!$F$4:$F$1141,전산회선!$B$4:$B$1141,$E34,전산회선!$F$4:$F$1141,"<"&AL34)),"") | AO34: 38056 | AP34: 38100 | AQ34: 38832 | AR34: 38610 | AS34: 37993 | AT34: 38609 | AU34: 38812 | AV34: 46579 | AW34: 47350 | AX34: 45811 | AY34: 44548 | AZ34: 45323 | BA34: 41551.917 | BB34: =SUM(AO34:AZ34) -> 498623 | BC34: 0 | BD34: 0 | BE34: 0 | BF34: 0 | BG34: 0 | BH34: 0 | BI34: 0 | BJ34: 0 | BK34: 0 | BL34: 0 | BM34: 0 | BN34: 0 | BO34: 0 | BP34: 0 | BQ34: =IFERROR(INDEX(피벗!$BL$5:$CH$5,1,MATCH($BR34,INDEX(피벗!$BL:$CH,MATCH($E34,피벗!$BJ:$BJ,0),0),0)),"") | BR34: =IFERROR(LARGE(INDEX(피벗!$BL:$CH,MATCH(성장고객!$E34,피벗!$BJ:$BJ,0),0),1),"") | BS34: =IFERROR(BR34/$BB34,"") | BT34: =IFERROR(INDEX(피벗!$BL$5:$CH$5,1,MATCH($BU34,INDEX(피벗!$BL:$CH,MATCH($E34,피벗!$BJ:$BJ,0),0),0)),"") | BU34: =IFERROR(LARGE(INDEX(피벗!$BL:$CH,MATCH(성장고객!$E34,피벗!$BJ:$BJ,0),0),2),"") | BV34: =IFERROR(BU34/$BB34,"") | BW34: =IFERROR(INDEX(피벗!$BL$5:$CH$5,1,MATCH($BX34,INDEX(피벗!$BL:$CH,MATCH($E34,피벗!$BJ:$BJ,0),0),0)),"") | BX34: =IFERROR(LARGE(INDEX(피벗!$BL:$CH,MATCH(성장고객!$E34,피벗!$BJ:$BJ,0),0),3),"") | BY34: =IFERROR(BX34/$BB34,"") | BZ34: =IFERROR(INDEX(피벗!$BL$5:$CH$5,1,MATCH($CA34,INDEX(피벗!$BL:$CH,MATCH($E34,피벗!$BJ:$BJ,0),0),0)),"") | CA34: =IFERROR(LARGE(INDEX(피벗!$BL:$CH,MATCH(성장고객!$E34,피벗!$BJ:$BJ,0),0),4),"") | CB34: =IFERROR(CA34/$BB34,"") | CC34: =IFERROR(INDEX(피벗!$BL$5:$CH$5,1,MATCH($CD34,INDEX(피벗!$BL:$CH,MATCH($E34,피벗!$BJ:$BJ,0),0),0)),"") | CD34: =IFERROR(LARGE(INDEX(피벗!$BL:$CH,MATCH(성장고객!$E34,피벗!$BJ:$BJ,0),0),5),"") | CE34: =IFERROR(CD34/$BB34,"") | CF34: =IFERROR(INDEX(피벗!$CI:$CI,MATCH($E34,피벗!$BJ:$BJ,0)),"") | CG34: =IFERROR(CF34/$BB34,"") | CH34: =IFERROR(INDEX(피벗!$EZ$5:$GE$5,1,MATCH($CI34,INDEX(피벗!$EZ:$GE,MATCH($E34,피벗!$EY:$EY,0),0),0)),"") -> 홈일반전화 | CI34: =IFERROR(LARGE(INDEX(피벗!$EZ:$GE,MATCH(성장고객!$E34,피벗!$EY:$EY,0),0),1),"") -> 380613 | CJ34: =IFERROR(INDEX(피벗!$EZ$5:$GE$5,1,MATCH($CK34,INDEX(피벗!$EZ:$GE,MATCH($E34,피벗!$EY:$EY,0),0),0)),"") -> 홈지능망 | CK34: =IFERROR(LARGE(INDEX(피벗!$EZ:$GE,MATCH(성장고객!$E34,피벗!$EY:$EY,0),0),2),"") -> 69960 | CL34: =IFERROR(INDEX(피벗!$EZ$5:$GE$5,1,MATCH($CM34,INDEX(피벗!$EZ:$GE,MATCH($E34,피벗!$EY:$EY,0),0),0)),"") -> 홈인터넷전화 | CM34: =IFERROR(LARGE(INDEX(피벗!$EZ:$GE,MATCH(성장고객!$E34,피벗!$EY:$EY,0),0),3),"") -> 48000 | CN34: =IFERROR(INDEX(피벗!$EZ$5:$GE$5,1,MATCH($CO34,INDEX(피벗!$EZ:$GE,MATCH($E34,피벗!$EY:$EY,0),0),0)),"") -> 기업메시징 | CO34: =IFERROR(LARGE(INDEX(피벗!$EZ:$GE,MATCH(성장고객!$E34,피벗!$EY:$EY,0),0),4),"") -> 50 | CP34: =IFERROR(INDEX(피벗!$EZ$5:$GE$5,1,MATCH($CQ34,INDEX(피벗!$EZ:$GE,MATCH($E34,피벗!$EY:$EY,0),0),0)),"") -> AI기업지능망 | CQ34: =IFERROR(LARGE(INDEX(피벗!$EZ:$GE,MATCH(성장고객!$E34,피벗!$EY:$EY,0),0),5),"") -> 0 | CR34: =IFERROR(INDEX(피벗!$GF:$GF,MATCH($E34,피벗!$EY:$EY,0)),"") -> 498623
A35: 경북법인고객담당 | B35: 법인고객영업3부 | C35: 법인고객영업1팀 | D35: 김승환 | E35: L0000017310 | F35: 직지농협협동조합 | G35: 핵심고객 | H35: 본사 | I35: 1713360000293 | J35: 5108204213 | K35: 본사 | L35: 정상 | M35: 금융 | N35: 공통 | O35: Finance>금융>금고/조합/리스>금융업-종합금융업 | P35: 13 | R35: 조합 | S35: 신규설립(개업) | T35: 정상 | U35: 경북 김천시 봉산면 | V35: 덕천리 646-3번지 | Y35: 경북 김천시 봉산면 황악로 | Z35: 1736 (덕천리) | AA35: 35 | AC35: 신용조합 | AE35: {=IF(AF35="","",INDEX(전산회선!$E$4:$E$1141,_xlfn.AGGREGATE(15,6,ROW(전산회선!$E$4:$E$1141)-ROW(전산회선!$E$4)+1/((전산회선!$B$4:$B$1141=$E35)*(전산회선!$F$4:$F$1141=AF35)),1)))} -> 홈일반전화 | AF35: =IFERROR(IF(_xlfn.MAXIFS(전산회선!$F$4:$F$1141,전산회선!$B$4:$B$1141,$E35)=0,"",_xlfn.MAXIFS(전산회선!$F$4:$F$1141,전산회선!$B$4:$B$1141,$E35)),"") -> 10 | AG35: {=IF(AH35="","",INDEX(전산회선!$E$4:$E$1141,_xlfn.AGGREGATE(15,6,ROW(전산회선!$E$4:$E$1141)-ROW(전산회선!$E$4)+1/((전산회선!$B$4:$B$1141=$E35)*(전산회선!$F$4:$F$1141=AH35)),1)))} -> GiGA인터넷 | AH35: =IFERROR(IF(_xlfn.MAXIFS(전산회선!$F$4:$F$1141,전산회선!$B$4:$B$1141,$E35,전산회선!$F$4:$F$1141,"<"&AF35)=0,"",_xlfn.MAXIFS(전산회선!$F$4:$F$1141,전산회선!$B$4:$B$1141,$E35,전산회선!$F$4:$F$1141,"<"&AF35)),"") -> 2 | AI35: {=IF(AJ35="","",INDEX(전산회선!$E$4:$E$1141,_xlfn.AGGREGATE(15,6,ROW(전산회선!$E$4:$E$1141)-ROW(전산회선!$E$4)+1/((전산회선!$B$4:$B$1141=$E35)*(전산회선!$F$4:$F$1141=AJ35)),1)))} -> MeGA인터넷 | AJ35: =IFERROR(IF(_xlfn.MAXIFS(전산회선!$F$4:$F$1141,전산회선!$B$4:$B$1141,$E35,전산회선!$F$4:$F$1141,"<"&AH35)=0,"",_xlfn.MAXIFS(전산회선!$F$4:$F$1141,전산회선!$B$4:$B$1141,$E35,전산회선!$F$4:$F$1141,"<"&AH35)),"") -> 1 | AK35: {=IF(AL35="","",INDEX(전산회선!$E$4:$E$1141,_xlfn.AGGREGATE(15,6,ROW(전산회선!$E$4:$E$1141)-ROW(전산회선!$E$4)+1/((전산회선!$B$4:$B$1141=$E35)*(전산회선!$F$4:$F$1141=AL35)),1)))} | AL35: =IFERROR(IF(_xlfn.MAXIFS(전산회선!$F$4:$F$1141,전산회선!$B$4:$B$1141,$E35,전산회선!$F$4:$F$1141,"<"&AJ35)=0,"",_xlfn.MAXIFS(전산회선!$F$4:$F$1141,전산회선!$B$4:$B$1141,$E35,전산회선!$F$4:$F$1141,"<"&AJ35)),"") | AM35: {=IF(AN35="","",INDEX(전산회선!$E$4:$E$1141,_xlfn.AGGREGATE(15,6,ROW(전산회선!$E$4:$E$1141)-ROW(전산회선!$E$4)+1/((전산회선!$B$4:$B$1141=$E35)*(전산회선!$F$4:$F$1141=AN35)),1)))} | AN35: =IFERROR(IF(_xlfn.MAXIFS(전산회선!$F$4:$F$1141,전산회선!$B$4:$B$1141,$E35,전산회선!$F$4:$F$1141,"<"&AL35)=0,"",_xlfn.MAXIFS(전산회선!$F$4:$F$1141,전산회선!$B$4:$B$1141,$E35,전산회선!$F$4:$F$1141,"<"&AL35)),"") | AO35: 198496 | AP35: 206015 | AQ35: 197687 | AR35: 199409 | AS35: 196041 | AT35: 199072 | AU35: 213530 | AV35: 208178 | AW35: 205396 | AX35: 209804 | AY35: 194696 | AZ35: 188497 | BA35: 201401.75 | BB35: =SUM(AO35:AZ35) -> 2416821 | BC35: 0 | BD35: 0 | BE35: 0 | BF35: 0 | BG35: 0 | BH35: 0 | BI35: 0 | BJ35: 0 | BK35: 0 | BL35: 0 | BM35: 0 | BN35: 0 | BO35: 0 | BP35: 0 | BQ35: =IFERROR(INDEX(피벗!$BL$5:$CH$5,1,MATCH($BR35,INDEX(피벗!$BL:$CH,MATCH($E35,피벗!$BJ:$BJ,0),0),0)),"") | BR35: =IFERROR(LARGE(INDEX(피벗!$BL:$CH,MATCH(성장고객!$E35,피벗!$BJ:$BJ,0),0),1),"") | BS35: =IFERROR(BR35/$BB35,"") | BT35: =IFERROR(INDEX(피벗!$BL$5:$CH$5,1,MATCH($BU35,INDEX(피벗!$BL:$CH,MATCH($E35,피벗!$BJ:$BJ,0),0),0)),"") | BU35: =IFERROR(LARGE(INDEX(피벗!$BL:$CH,MATCH(성장고객!$E35,피벗!$BJ:$BJ,0),0),2),"") | BV35: =IFERROR(BU35/$BB35,"") | BW35: =IFERROR(INDEX(피벗!$BL$5:$CH$5,1,MATCH($BX35,INDEX(피벗!$BL:$CH,MATCH($E35,피벗!$BJ:$BJ,0),0),0)),"") | BX35: =IFERROR(LARGE(INDEX(피벗!$BL:$CH,MATCH(성장고객!$E35,피벗!$BJ:$BJ,0),0),3),"") | BY35: =IFERROR(BX35/$BB35,"") | BZ35: =IFERROR(INDEX(피벗!$BL$5:$CH$5,1,MATCH($CA35,INDEX(피벗!$BL:$CH,MATCH($E35,피벗!$BJ:$BJ,0),0),0)),"") | CA35: =IFERROR(LARGE(INDEX(피벗!$BL:$CH,MATCH(성장고객!$E35,피벗!$BJ:$BJ,0),0),4),"") | CB35: =IFERROR(CA35/$BB35,"") | CC35: =IFERROR(INDEX(피벗!$BL$5:$CH$5,1,MATCH($CD35,INDEX(피벗!$BL:$CH,MATCH($E35,피벗!$BJ:$BJ,0),0),0)),"") | CD35: =IFERROR(LARGE(INDEX(피벗!$BL:$CH,MATCH(성장고객!$E35,피벗!$BJ:$BJ,0),0),5),"") | CE35: =IFERROR(CD35/$BB35,"") | CF35: =IFERROR(INDEX(피벗!$CI:$CI,MATCH($E35,피벗!$BJ:$BJ,0)),"") | CG35: =IFERROR(CF35/$BB35,"") | CH35: =IFERROR(INDEX(피벗!$EZ$5:$GE$5,1,MATCH($CI35,INDEX(피벗!$EZ:$GE,MATCH($E35,피벗!$EY:$EY,0),0),0)),"") -> 홈일반전화 | CI35: =IFERROR(LARGE(INDEX(피벗!$EZ:$GE,MATCH(성장고객!$E35,피벗!$EY:$EY,0),0),1),"") -> 817171 | CJ35: =IFERROR(INDEX(피벗!$EZ$5:$GE$5,1,MATCH($CK35,INDEX(피벗!$EZ:$GE,MATCH($E35,피벗!$EY:$EY,0),0),0)),"") -> GiGA인터넷 | CK35: =IFERROR(LARGE(INDEX(피벗!$EZ:$GE,MATCH(성장고객!$E35,피벗!$EY:$EY,0),0),2),"") -> 684000 | CL35: =IFERROR(INDEX(피벗!$EZ$5:$GE$5,1,MATCH($CM35,INDEX(피벗!$EZ:$GE,MATCH($E35,피벗!$EY:$EY,0),0),0)),"") -> AI기업지능망 | CM35: =IFERROR(LARGE(INDEX(피벗!$EZ:$GE,MATCH(성장고객!$E35,피벗!$EY:$EY,0),0),3),"") -> 384000 | CN35: =IFERROR(INDEX(피벗!$EZ$5:$GE$5,1,MATCH($CO35,INDEX(피벗!$EZ:$GE,MATCH($E35,피벗!$EY:$EY,0),0),0)),"") -> MeGA인터넷 | CO35: =IFERROR(LARGE(INDEX(피벗!$EZ:$GE,MATCH(성장고객!$E35,피벗!$EY:$EY,0),0),4),"") -> 240000 | CP35: =IFERROR(INDEX(피벗!$EZ$5:$GE$5,1,MATCH($CQ35,INDEX(피벗!$EZ:$GE,MATCH($E35,피벗!$EY:$EY,0),0),0)),"") -> 홈지능망 | CQ35: =IFERROR(LARGE(INDEX(피벗!$EZ:$GE,MATCH(성장고객!$E35,피벗!$EY:$EY,0),0),5),"") -> 192000 | CR35: =IFERROR(INDEX(피벗!$GF:$GF,MATCH($E35,피벗!$EY:$EY,0)),"") -> 2416821
A36: 경북법인고객담당 | B36: 법인고객영업3부 | C36: 법인고객영업2팀 | D36: 신동희 | E36: L0000239715 | F36: 지천단위농업협동조합장 | G36: 법인가치고객 | H36: 본사 | I36: 1752360000077 | J36: 5048202748 | K36: 본사 | L36: 정상 | M36: 금융 | N36: 공통 | O36: Finance>금융>은행>농협 | P36: 15 | Q36: 판단제외대상 | R36: 조합 | S36: 신규설립(개업) | T36: 정상 | U36: 경북 칠곡군 지천면 | V36: 신리 408-1번지 | W36: 054 972 4812 | Y36: 경북 칠곡군 지천면 신동로 | Z36: 153 (신리,지천농협) | AA36: 19 | AB36: BBB+ | AC36: 신용조합 | AD36: 제조업 | AE36: {=IF(AF36="","",INDEX(전산회선!$E$4:$E$1141,_xlfn.AGGREGATE(15,6,ROW(전산회선!$E$4:$E$1141)-ROW(전산회선!$E$4)+1/((전산회선!$B$4:$B$1141=$E36)*(전산회선!$F$4:$F$1141=AF36)),1)))} -> 홈일반전화 | AF36: =IFERROR(IF(_xlfn.MAXIFS(전산회선!$F$4:$F$1141,전산회선!$B$4:$B$1141,$E36)=0,"",_xlfn.MAXIFS(전산회선!$F$4:$F$1141,전산회선!$B$4:$B$1141,$E36)),"") -> 12 | AG36: {=IF(AH36="","",INDEX(전산회선!$E$4:$E$1141,_xlfn.AGGREGATE(15,6,ROW(전산회선!$E$4:$E$1141)-ROW(전산회선!$E$4)+1/((전산회선!$B$4:$B$1141=$E36)*(전산회선!$F$4:$F$1141=AH36)),1)))} -> 전용회선 | AH36: =IFERROR(IF(_xlfn.MAXIFS(전산회선!$F$4:$F$1141,전산회선!$B$4:$B$1141,$E36,전산회선!$F$4:$F$1141,"<"&AF36)=0,"",_xlfn.MAXIFS(전산회선!$F$4:$F$1141,전산회선!$B$4:$B$1141,$E36,전산회선!$F$4:$F$1141,"<"&AF36)),"") -> 2 | AI36: {=IF(AJ36="","",INDEX(전산회선!$E$4:$E$1141,_xlfn.AGGREGATE(15,6,ROW(전산회선!$E$4:$E$1141)-ROW(전산회선!$E$4)+1/((전산회선!$B$4:$B$1141=$E36)*(전산회선!$F$4:$F$1141=AJ36)),1)))} -> MeGA인터넷 | AJ36: =IFERROR(IF(_xlfn.MAXIFS(전산회선!$F$4:$F$1141,전산회선!$B$4:$B$1141,$E36,전산회선!$F$4:$F$1141,"<"&AH36)=0,"",_xlfn.MAXIFS(전산회선!$F$4:$F$1141,전산회선!$B$4:$B$1141,$E36,전산회선!$F$4:$F$1141,"<"&AH36)),"") -> 1 | AK36: {=IF(AL36="","",INDEX(전산회선!$E$4:$E$1141,_xlfn.AGGREGATE(15,6,ROW(전산회선!$E$4:$E$1141)-ROW(전산회선!$E$4)+1/((전산회선!$B$4:$B$1141=$E36)*(전산회선!$F$4:$F$1141=AL36)),1)))} | AL36: =IFERROR(IF(_xlfn.MAXIFS(전산회선!$F$4:$F$1141,전산회선!$B$4:$B$1141,$E36,전산회선!$F$4:$F$1141,"<"&AJ36)=0,"",_xlfn.MAXIFS(전산회선!$F$4:$F$1141,전산회선!$B$4:$B$1141,$E36,전산회선!$F$4:$F$1141,"<"&AJ36)),"") | AM36: {=IF(AN36="","",INDEX(전산회선!$E$4:$E$1141,_xlfn.AGGREGATE(15,6,ROW(전산회선!$E$4:$E$1141)-ROW(전산회선!$E$4)+1/((전산회선!$B$4:$B$1141=$E36)*(전산회선!$F$4:$F$1141=AN36)),1)))} | AN36: =IFERROR(IF(_xlfn.MAXIFS(전산회선!$F$4:$F$1141,전산회선!$B$4:$B$1141,$E36,전산회선!$F$4:$F$1141,"<"&AL36)=0,"",_xlfn.MAXIFS(전산회선!$F$4:$F$1141,전산회선!$B$4:$B$1141,$E36,전산회선!$F$4:$F$1141,"<"&AL36)),"") | AO36: 210771 | AP36: 212656 | AQ36: 215519 | AR36: 221869 | AS36: 219962 | AT36: 212070 | AU36: 210963 | AV36: 213105 | AW36: 215062 | AX36: 210348 | AY36: 207521 | AZ36: 206842 | BA36: 213057.33 | BB36: =SUM(AO36:AZ36) -> 2556688 | BC36: 0 | BD36: 0 | BE36: 0 | BF36: 0 | BG36: 0 | BH36: 0 | BI36: 0 | BJ36: 0 | BK36: 0 | BL36: 0 | BM36: 0 | BN36: 0 | BO36: 0 | BP36: 0 | BQ36: =IFERROR(INDEX(피벗!$BL$5:$CH$5,1,MATCH($BR36,INDEX(피벗!$BL:$CH,MATCH($E36,피벗!$BJ:$BJ,0),0),0)),"") | BR36: =IFERROR(LARGE(INDEX(피벗!$BL:$CH,MATCH(성장고객!$E36,피벗!$BJ:$BJ,0),0),1),"") | BS36: =IFERROR(BR36/$BB36,"") | BT36: =IFERROR(INDEX(피벗!$BL$5:$CH$5,1,MATCH($BU36,INDEX(피벗!$BL:$CH,MATCH($E36,피벗!$BJ:$BJ,0),0),0)),"") | BU36: =IFERROR(LARGE(INDEX(피벗!$BL:$CH,MATCH(성장고객!$E36,피벗!$BJ:$BJ,0),0),2),"") | BV36: =IFERROR(BU36/$BB36,"") | BW36: =IFERROR(INDEX(피벗!$BL$5:$CH$5,1,MATCH($BX36,INDEX(피벗!$BL:$CH,MATCH($E36,피벗!$BJ:$BJ,0),0),0)),"") | BX36: =IFERROR(LARGE(INDEX(피벗!$BL:$CH,MATCH(성장고객!$E36,피벗!$BJ:$BJ,0),0),3),"") | BY36: =IFERROR(BX36/$BB36,"") | BZ36: =IFERROR(INDEX(피벗!$BL$5:$CH$5,1,MATCH($CA36,INDEX(피벗!$BL:$CH,MATCH($E36,피벗!$BJ:$BJ,0),0),0)),"") | CA36: =IFERROR(LARGE(INDEX(피벗!$BL:$CH,MATCH(성장고객!$E36,피벗!$BJ:$BJ,0),0),4),"") | CB36: =IFERROR(CA36/$BB36,"") | CC36: =IFERROR(INDEX(피벗!$BL$5:$CH$5,1,MATCH($CD36,INDEX(피벗!$BL:$CH,MATCH($E36,피벗!$BJ:$BJ,0),0),0)),"") | CD36: =IFERROR(LARGE(INDEX(피벗!$BL:$CH,MATCH(성장고객!$E36,피벗!$BJ:$BJ,0),0),5),"") | CE36: =IFERROR(CD36/$BB36,"") | CF36: =IFERROR(INDEX(피벗!$CI:$CI,MATCH($E36,피벗!$BJ:$BJ,0)),"") | CG36: =IFERROR(CF36/$BB36,"") | CH36: =IFERROR(INDEX(피벗!$EZ$5:$GE$5,1,MATCH($CI36,INDEX(피벗!$EZ:$GE,MATCH($E36,피벗!$EY:$EY,0),0),0)),"") -> 전용회선 | CI36: =IFERROR(LARGE(INDEX(피벗!$EZ:$GE,MATCH(성장고객!$E36,피벗!$EY:$EY,0),0),1),"") -> 904800 | CJ36: =IFERROR(INDEX(피벗!$EZ$5:$GE$5,1,MATCH($CK36,INDEX(피벗!$EZ:$GE,MATCH($E36,피벗!$EY:$EY,0),0),0)),"") -> 홈일반전화 | CK36: =IFERROR(LARGE(INDEX(피벗!$EZ:$GE,MATCH(성장고객!$E36,피벗!$EY:$EY,0),0),2),"") -> 869408 | CL36: =IFERROR(INDEX(피벗!$EZ$5:$GE$5,1,MATCH($CM36,INDEX(피벗!$EZ:$GE,MATCH($E36,피벗!$EY:$EY,0),0),0)),"") -> 홈지능망 | CM36: =IFERROR(LARGE(INDEX(피벗!$EZ:$GE,MATCH(성장고객!$E36,피벗!$EY:$EY,0),0),3),"") -> 302400 | CN36: =IFERROR(INDEX(피벗!$EZ$5:$GE$5,1,MATCH($CO36,INDEX(피벗!$EZ:$GE,MATCH($E36,피벗!$EY:$EY,0),0),0)),"") -> MeGA인터넷 | CO36: =IFERROR(LARGE(INDEX(피벗!$EZ:$GE,MATCH(성장고객!$E36,피벗!$EY:$EY,0),0),4),"") -> 241480 | CP36: =IFERROR(INDEX(피벗!$EZ$5:$GE$5,1,MATCH($CQ36,INDEX(피벗!$EZ:$GE,MATCH($E36,피벗!$EY:$EY,0),0),0)),"") -> AI기업지능망 | CQ36: =IFERROR(LARGE(INDEX(피벗!$EZ:$GE,MATCH(성장고객!$E36,피벗!$EY:$EY,0),0),5),"") -> 192000 | CR36: =IFERROR(INDEX(피벗!$GF:$GF,MATCH($E36,피벗!$EY:$EY,0)),"") -> 2556688
